tf_name,bound_promoters
Ace2,SPAC343.13;SPAC343.20;SPAPYUG7.03c;SPNCRNA.1246;SPCC1442.07c;SPCC18.01c
Cdc10,SPAP14E8.02;SPAC17H9.20;SPAC513.04;SPAC513.05;SPAC1F7.04;SPAC1F7.05;SPAC17H9.19c;SPAC513.03;SPBC660.14;SPBC428.18;SPNCRNA.324;SPBC119.04;SPNCRNA.325;SPBC1306.02;SPNCRNA.1495;SPBC14C8.10;SPNCRNA.1547;SPNCRNA.1548;SPBC1778.04;SPBC25D12.04;SPBC3B9.01;SPBC1347.02;SPBC1347.03;SPBC660.12c;SPBC660.13c;SPBC428.17c;SPBC1306.01c;SPBC14C8.07c;SPBC336.12c;SPBC1778.03c;SPBC32C12.03c;SPBC1347.01c;SPCC553.07c;SPCC594.01;SPCC63.13;SPCC63.14;SPCC1442.01;SPCC290.04;ENSRNA049624288;SPCTRNASER.13;SPCPB1C11.02;SPCC70.10;SPNCRNA.1126;SPNCRNA.1133;SPCC1450.16c;SPCC70.08c;SPCC70.09c
Cuf1,SPAC56F8.15;SPAC56F8.14c
Deb1,SPAC31A2.06;SPAC19E9.03;SPAC9.04;SPAC9.10;SPNCRNA.171;SPNCRNA.185;SPNCRNA.189;SPNCRNA.286;SPAC19A8.07c;SPAC7D4.07c;SPAC7D4.06c;SPAC644.15;SPAC644.16;SPAC3F10.19;SPAC3F10.13;SPAC513.04;SPAC513.05;SPAC24C9.04;SPNCRNA.14;SPAPB1E7.14;SPNCRNA.974;SPAC25G10.06;SPAC27F1.08;SPAC9E9.01;SPAC20G4.08;SPNCRNA.1032;SPAC4F10.18;SPAC1B3.08;SPAC1B3.21;SPAC890.08;SPNCRNA.258;SPAC22E12.01;SPAC22E12.02;SPAP8A3.06;SPNCRNA.280;SPNCRNA.281;SPAC186.03;SPAC186.06;SPNCRNA.310;SPAC31A2.05c;SPAC9.03c;SPAC607.02c;SPAC607.03c;SPNCRNA.807;SPAC13D6.02c;SPAC22H10.12c;SPAC6B12.02c;SPAC6B12.03c;SPAC6B12.14c;SPAC23H3.08c;SPAC7D4.08;SPAC644.14c;SPNCRNA.855;SPAC513.03;SPAC24C9.16c;SPAC1486.03c;SPAC26A3.13c;ENSRNA049676580;SPRRNA.20;SPAC2C4.17c;SPAC25G10.05c;SPAC16.05c;SPNCRNA.99;SPAC20G4.07c;SPAC4F10.16c;SPAC1B3.07c;SPAC1B3.09c;SPAC890.07c;SPNCRNA.1050;SPAC29A4.05;SPAC186.05c;SPBC106.19;SPBC1685.16;SPBC3D6.15;SPBC17A3.06;SPBC18H10.19;SPBC28E12.05;SPBP23A10.08;SPNCRNA.1506;SPBC24C6.13;SPBC19G7.04;SPBC19G7.16;SPBC21D10.09c;SPNCRNA.1538;SPBC4F6.12;SPBC32F12.11;SPBC20F10.01;SPBPB8B6.04c;SPBC1685.14c;SPBC947.02;SPBC409.19c;SPBC409.20c;SPBC3D6.03c;SPBC8D2.10c;SPBC17A3.05c;SPNCRNA.1466;SPBC29A3.02c;SPBC19G7.03c;SPBC19G7.19;SPBC21D10.10;SPBC6B1.05c;SPBC4F6.11c;SPBC32F12.17;SPBP4H10.21c;SPBC25H2.02;SPNCRNA.1694;SPCC1884.02;SPCC1235.16;SPCC970.10c;SPCPJ732.01;SPCC1020.04c;SPCC24B10.06;SPCC24B10.18;SPCC895.06;SPCC1322.11;SPCC663.17;SPNCRNA.1236;SPCC18.02;SPCC576.09;SPCC126.09;SPCC1620.03;SPCC1620.08;SPCC830.02;SPCC1919.04;SPNCRNA.07;SPCC1235.05c;SPCC736.04c;SPCC1672.06c;SPCC16C4.18c;SPCC1020.05;SPCC1020.14;SPCC11E10.07c;SPCC162.04c;SPCC1223.10c;SPCC18.01c;SPNCRNA.1258;SPCC576.06c;SPCC576.08c;SPNCRNA.1262;SPCC126.02c;SPCC126.07c;SPCC126.08c;SPCC1620.06c;SPNCRNA.1272;SPNCRNA.1287;SPCC1494.08c;SPBC460.02c
Esc1,SPAC56F8.15;SPNCRNA.784;SPAC3H1.11;SPAC32A11.01;SPAC3H5.09c;SPAC328.03;SPNCRNA.783;SPAC32A11.04c;SPAC3H5.10;SPNCRNA.911;SPNCRNA.529;SPNCRNA.1323;SPBC1198.08;SPNCRNA.1358;SPBC17D1.05;SPNCRNA.112;SPNCRNA.419;SPNCRNA.1598;SPNCRNA.1599;SPNCRNA.1670;SPBC56F2.05c;SPBC1348.14c;SPBC1198.07c;SPBC428.01c;SPBC428.02c;SPNCRNA.1359;SPBC15C4.04c;SPNCRNA.1593;SPBC13A2.04c;SPNCRNA.1669
Fep1,SPNCRNA.139;SPNCRNA.605;SPAC5H10.01;SPAC56F8.15;SPAC343.12;ENSRNA049631028;SPATRNATYR.01;SPAC1002.20;SPAC631.02;SPAC6B12.15;SPSNORNA.11;SPSNORNA.54;ENSRNA049676761;SPAC1071.02;SPAC19G12.09;SPAC26H5.11;SPAC25B8.01;SPAC25B8.02;SPAC25B8.03;ENSRNA049676787;SPNCRNA.98;SPAC25G10.06;SPAC9E9.04;SPAC9E9.05;SPAC17C9.13c;SPAC17C9.11c;SPAC19B12.04;SPAC26F1.10c;SPAC14C4.11;SPAC1F8.02c;SPAC1F8.03c;SPNCRNA.604;SPAC11D3.18c;SPAC22H12.04c;SPAC343.20;SPAC1002.13c;SPAC631.01c;SPAC18G6.07c;SPNCRNA.826;SPAC644.18c;SPAC6F6.06c;SPAC6F6.07c;SPACUNK4.15;SPAC3H5.11;SPAC1071.01c;SPNCRNA.53;SPAC27E2.11c;SPAC19G12.10c;SPAC26H5.07c;SPAC26H5.10c;SPAC25B8.12c;ENSRNA049676580;SPRRNA.20;SPAC25G10.05c;SPAC16.05c;SPNCRNA.988;SPAC17C9.12;SPNCRNA.1034;SPAC14C4.10c;SPBC1683.01;SPBC1683.02;SPBC1198.01;SPBC660.11;SPBC1685.03;SPBC947.06c;SPBC947.05c;SPBPJ4664.01;SPBC119.02;SPNCRNA.1386;SPBC32H8.07;SPBC19C2.07;SPBC19C2.08;SPBP23A10.08;SPBC29A3.04;SPBC29A3.05;SPBC18E5.06;SPNCRNA.110;SPBC18E5.13;SPBC4F6.09;SPBC11C11.02;SPBC4B4.08;SPBC1105.14;SPBC887.16;SPBC887.17;SPBC3B9.12;SPBC1683.09c;SPBC1683.13c;SPNCRNA.565;SPBC1685.02c;SPBC947.07;SPNCRNA.1382;SPBC530.06c;SPBC530.12c;SPBC27B12.03c;SPNCRNA.1435;SPBC19C2.06c;SPBC1D7.03;SPBC18E5.05c;SPBC18E5.12c;SPBC12C2.14c;SPBC17D1.17;SPNCRNA.1611;SPNCRNA.1617;SPBP8B7.15c;SPBC3B9.11c;SPBC3B9.13c;SPBC14F5.04c;SPNCRNA.1683;SPBC16G5.14c;SPNCRNA.497;SPNCRNA.453;ENSRNA049622790;SPCTRNAHIS.03;SPNCRNA.1111;SPCC1235.01;SPCC970.04c;SPCC1672.01;SPCC1393.08;SPCC16A11.08;SPCC1795.04c;SPNCRNA.490;SPCC338.11c;SPNCRNA.1195;SPCC61.02;SPCC188.11;SPCC663.17;SPCC663.04;SPNCRNA.1218;SPCC191.07;SPCC191.08;SPCC285.08;ENSRNA049624069;SPCTRNAHIS.04;SPCC1739.13;SPNCRNA.1260;SPCC1620.08;SPCC757.07c;SPCC757.11c;SPCC330.21;SPCC330.06c;SPNCRNA.1116;SPCC970.05;SPCC962.06c;SPNCRNA.16;SPCC1795.06;SPNCRNA.128;ENSRNA049677236;SPCC132.05c;SPCC338.13;SPCC338.12;SPCC622.12c;SPCC61.01c;SPCC188.14;SPCC417.15;SPNCRNA.32;SPCC417.16;SPNCRNA.1221;SPNCRNA.1258;SPCC576.03c;SPNCRNA.1259;SPCC1840.02c
Fhl1,SPAC13G6.03;SPNCRNA.141;SPAC13G6.08;SPSNORNA.01;SPNCRNA.659;SPSNORNA.02;SPSNORNA.03;SPSNORNA.04;ENSRNA049676807;SPSNORNA.05;SPSNORNA.06;ENSRNA049630825;SPATRNASER.01;ENSRNA049630868;SPATRNAMET.01;SPAC22A12.05;SPNCRNA.723;SPSNORNA.07;SPSNORNA.08;SPSNORNA.09;SPNCRNA.82;ENSRNA049676348;SPNCRNA.727;SPSNORNA.10;SPAC10F6.15;SPNCRNA.729;SPAPB17E12.05;SPAPB17E12.06;SPAPB17E12.13;SPSNORNA.53;SPAC3A12.10;SPAC9.09;SPAC343.12;SPAC664.05;SPAC1002.20;SPAC23C11.03;SPAC18G6.13;SPNCRNA.189;SPAC4G9.15;SPAC6B12.15;SPSNORNA.11;SPAC644.15;SPAC644.16;SPSNORNA.54;ENSRNA049676761;SPAC1805.13;SPAC1805.14;SPAC3F10.17;SPAC589.11;SPNCRNA.893;SPNCRNA.219;SPAPB1E7.12;SPAC26A3.04;SPAC26A3.05;SPAC26A3.08;SPAC959.07;SPAC959.08;SPAC3H5.12c;SPAC3H5.13;SPAC3H5.09c;SPAC3H5.06c;SPAC3H5.05c;SPAC17G6.06;SPAC15E1.03;SPAC15E1.04;SPNCRNA.510;SPNCRNA.942;SPAC1071.08;SPAC11G7.04;SPAC23A1.09;SPAC23A1.11;SPAC26H5.11;SPNCRNA.972;SPAC25G10.06;SPAC144.11;SPAC144.12;SPNCRNA.1030;SPNCRNA.1031;SPNCRNA.1032;SPAC4F10.18;SPAC19B12.04;SPAC890.08;SPNCRNA.258;SPAC22E12.01;SPAC1006.07;SPAC26F1.13c;SPSNORNA.19;SPAC3G6.05;SPNCRNA.265;SPAC13G6.01c;SPAC13G6.06c;SPAC13G6.07c;SPNCRNA.645;SPNCRNA.647;SPNCRNA.648;SPAC24H6.08;SPAC24H6.07;SPAC22H12.04c;SPAC30D11.12;SPAC22A12.03c;SPAC22A12.04c;SPNCRNA.722;SPAC10F6.14c;SPAPB17E12.12c;SPAC3A12.09c;SPNCRNA.741;SPAC9.08c;SPAC343.20;SPAC664.04c;SPAC1002.13c;SPAC9G1.03c;SPAC23C11.02c;SPAC1783.07c;SPAC1783.08c;SPNCRNA.806;SPAC18G6.14c;SPNCRNA.807;SPAC13D6.02c;SPAC4G9.16c;SPNCRNA.826;SPAC644.14c;SPAC644.18c;SPAC6F6.06c;SPAC6F6.07c;SPAC1805.11c;SPAC1805.12c;SPAC3F10.16c;SPAC3F10.18c;SPAC31G5.17c;SPAC589.10c;SPAC3G9.04;SPNCRNA.87;SPAC3G9.03;SPAC6G10.10c;SPAC6G10.11c;SPAC6G9.09c;SPAPB1E7.11c;SPAC26A3.03c;SPAC26A3.07c;SPAC959.06c;SPAC3H5.11;SPAC3H5.10;SPAC3H5.07;SPAC3H5.04;SPAC17G6.05c;SPAC1F12.02c;SPAC4H3.11c;SPSNORNA.30;SPAC1071.07c;SPNCRNA.53;SPAC27E2.11c;SPAPJ698.02c;SPAC23A1.08c;SPAC26H5.10c;SPAC694.04c;SPAC694.05c;SPAC1F7.13c;SPAC2C4.15c;SPAC2C4.16c;SPAC25G10.05c;SPNCRNA.1013;SPNCRNA.1015;SPAC4F10.13c;SPAC4F10.14c;SPAC4F10.16c;SPNCRNA.1034;SPAC890.07c;SPAC1250.05;SPSNORNA.16;ENSRNA049676829;SPBC106.18;SPBC106.19;SPBC1685.03;SPBC839.04;SPBC577.02;SPBC1709.05;SPBC1709.06;SPBC3D6.15;SPBP22H7.08;SPNCRNA.1434;SPBC21B10.14;SPBC19C2.07;SPBC19C2.08;SPBC2F12.14c;SPSNORNA.22;SPBC2F12.03c;SPNCRNA.1461;SPBC18H10.13;SPBC18H10.14;SPBC18H10.15;SPBC29A3.04;SPBC29A3.05;SPBC29A3.12;SPNCRNA.1484;SPBC18E5.04;SPBC18E5.06;SPNCRNA.110;SPBC1711.06;SPBC17G9.07;SPBC19G7.04;SPBC4F6.04;SPBC336.11;SPBC685.06;SPBC685.08;SPBP4H10.13;SPNCRNA.414;SPBC405.07;SPBC776.01;ENSRNA049677729;SPSNORNA.45;SPBC776.11;SPBC19F8.08;SPBC25H2.16c;SPBC25H2.06c;SPBC11C11.07;SPBC11C11.08;SPBC11C11.10;SPBP8B7.04;SPBP8B7.06;SPBC21C3.13;SPBC3B9.12;SPNCRNA.1666;SPBC16A3.08c;SPBC16A3.07c;SPBC16C6.11;SPNCRNA.1355;SPNCRNA.565;SPBC1685.02c;SPBC839.03c;ENSRNA049630298;SPBTRNALYS.06;SPBC839.13c;SPBC3D6.03c;SPBC83.02c;SPNCRNA.1444;SPBC29B5.03c;SPBC21B10.11;SPBC21B10.10;SPBC19C2.06c;SPBC2F12.04;SPSNORNA.23;SPBC18H10.11c;SPBC18H10.12c;SPSNORNA.24;SPNCRNA.1464;SPNCRNA.1465;SPBC29A3.11c;SPBC18E5.03c;SPBC18E5.05c;SPBC17G9.06c;SPBC19G7.03c;SPBC1921.01c;SPBC365.02c;SPBC365.03c;SPBC3E7.16c;SPBC336.09c;SPBC336.10c;SPBC685.07c;SPBP4H10.14c;SPNCRNA.1582;SPNCRNA.541;ENSRNA049678299;SPBC776.10c;SPBC25H2.07;SPNCRNA.1594;SPBC11C11.09c;SPNCRNA.1627;SPBP8B7.03c;SPBP8B7.05c;SPBC21C3.12c;SPBC3B9.11c;SPBC3B9.13c;SPBC1347.13c;SPBC56F2.12;SPBC56F2.03;SPBC56F2.02;SPBC14F5.04c;SPNCRNA.1683;SPBC16G5.14c;SPNCRNA.497;SPNCRNA.1686;SPCC613.06;SPCC613.07;SPNCRNA.1111;SPCC1235.01;SPCC1682.14;SPCC1682.15;SPCC364.02c;SPCC970.04c;SPCC962.01;SPCC962.04;SPCC962.05;SPNCRNA.467;ENSRNA049677122;SPSNORNA.32;SPCC1672.10;SPCC5E4.07;SPCC16C4.19;SPNCRNA.471;SPCC1393.03;SPCC1393.04;SPCC1393.08;SPCC24B10.09;SPNCRNA.477;SPCC1795.10c;SPCC1795.04c;SPCC1322.11;SPCC622.18;SPCC622.19;SPCC663.04;SPCC1450.04;SPNCRNA.1225;SPCC1223.06;SPNCRNA.508;SPCC74.05;SPCC74.06;SPCC18.20;SPCC18.15;SPCC576.09;SPNCRNA.119;SPCC576.11;SPCC613.04c;SPCC613.05c;SPNCRNA.1103;SPCC330.21;SPCC330.06c;SPNCRNA.1112;SPCC330.14c;SPNCRNA.1116;SPCC364.03;SPCC970.05;SPCP31B10.08c;SPCC1183.08c;SPNCRNA.1150;SPCC16C4.13c;SPCC1393.02c;SPCPB16A4.03c;SPCC1795.11;SPCC1795.06;SPNCRNA.128;ENSRNA049677236;SPCC825.05c;SPCC1259.01c;SPCC1281.06c;SPCC285.15c;SPCC1223.15c;SPCC1223.05c;SPNCRNA.1245;SPCC576.08c;SPNCRNA.1261
Fil1,SPAC56F8.15;SPAC2F3.08;SPNCRNA.954;SPNCRNA.12;SPAC9E9.03;SPNCRNA.1035;SPAPB8E5.03;SPAC56F8.14c;SPAC2F3.07c;SPAPB15E9.01c;SPAPB8E5.02c;SPBC32H8.15;SPBC32H8.02c;SPNCRNA.1645;SPCC757.10;SPCC757.09c
Fkh2,SPNCRNA.659;SPSNORNA.02;SPSNORNA.03;SPSNORNA.04;ENSRNA049676807;SPSNORNA.05;SPSNORNA.06;SPAC23C4.13;SPAC23C11.16;ENSRNA049631359;SPATRNALYS.05;SPNCRNA.215;SPAC16A10.04;SPAC328.03;SPAC15A10.10;SPAC29E6.04;SPAC4F10.22;SPNCRNA.255;SPAC26F1.13c;SPAC23H3.08c;SPACUNK4.15;SPNCRNA.911;SPNCRNA.529;SPAC15A10.09c;SPAC1071.09c;SPAC26H5.07c;SPAC29E6.03c;SPNCRNA.1033;SPAC19B12.02c;SPSNORNA.16;ENSRNA049676829;SPBC660.14;SPBC428.18;SPBC119.14;SPBC1709.05;SPBC1709.06;SPBC1306.02;SPBC725.10;SPNCRNA.342;SPBC725.12;SPBC725.14;SPBC32H8.09;SPBC27.04;SPNCRNA.1455;SPBC2F12.12c;SPBC19G7.04;SPBC11C11.02;SPNCRNA.439;SPBC660.13c;SPBC428.17c;SPBC1306.01c;SPBC725.11c;SPBC725.13c;SPBC32H8.08c;SPNCRNA.1436;SPSNORNA.47;SPNCRNA.1446;SPBC2F12.13;SPBC19G7.03c;SPBC16G5.15c;SPCC1682.14;SPCC1682.15;SPNCRNA.467;ENSRNA049677122;SPSNORNA.32;SPCC1672.10;SPCC63.13;SPCC63.14;SPCC24B10.21;SPCC24B10.22;SPNCRNA.122;SPCC1322.04;SPCC1183.12;SPCC1281.06c;SPCC584.15c;SPCC162.04c
Adn2,SPAC1F8.08;SPNCRNA.143;SPNCRNA.627;SPNCRNA.144;SPNCRNA.628;SPNCRNA.145;SPNCRNA.651;SPNCRNA.679;SPAC1A6.11;SPAC56F8.15;SPNCRNA.724;SPAC10F6.16;SPAC5D6.10c;SPAC343.21;SPAC343.12;SPAC110.01;SPNCRNA.779;SPNCRNA.781;SPNCRNA.784;SPAC3H1.11;SPAC631.02;SPNCRNA.831;SPNCRNA.200;SPAC4F8.07c;SPNCRNA.857;SPACUNK4.19;SPACUNK4.16c;SPNCRNA.859;SPNCRNA.01;SPNCRNA.213;SPAC16A10.01;SPAC8E11.02c;SPAC8E11.01c;SPNCRNA.910;SPAC3A11.07;SPAC328.03;SPNCRNA.917;SPAC17A2.11;SPAC17A2.12;SPNCRNA.92;SPNCRNA.93;SPAC2F3.08;SPNCRNA.950;SPAC2F3.09;SPNCRNA.954;SPAPB15E9.06;SPNCRNA.963;SPAC9E9.01;SPNCRNA.989;SPNCRNA.990;SPNCRNA.248;SPNCRNA.996;SPAC17D4.01;SPNCRNA.1035;SPAPB8E5.03;SPAC19D5.01;SPAC1039.02;SPAC1F8.07c;SPAC806.11;SPNCRNA.03;SPNCRNA.626;SPAC24H6.13;SPAC4G8.03c;SPAC1A6.04c;SPAC56F8.14c;SPAC10F6.01c;SPNCRNA.728;SPAC343.20;SPAC110.05;SPNCRNA.777;SPNCRNA.783;SPAC631.01c;SPAC23H3.15c;SPAC4F8.08;SPAC8F11.10c;SPACUNK4.15;SPAC2E1P3.05c;SPNCRNA.872;SPNCRNA.72;SPNCRNA.73;SPNCRNA.74;SPNCRNA.873;SPNCRNA.904;SPNCRNA.909;SPNCRNA.911;SPNCRNA.529;SPAC17A2.10c;SPAC1071.10c;SPAC2F3.07c;SPAPB15E9.01c;SPNCRNA.53;SPAC27E2.11c;SPAC26H5.09c;SPAC25B8.12c;SPAC16.05c;SPNCRNA.99;SPAC9E9.09c;SPAC27D7.11c;SPNCRNA.995;SPAC1834.13;SPNCRNA.253;SPAC22F8.03c;SPAPB8E5.02c;SPNCRNA.1054;SPAC26F1.11;SPNCRNA.1058;SPBPB21E7.08;SPBC1683.08;SPNCRNA.298;SPNCRNA.100;SPBC1685.17;SPNCRNA.1367;SPBC1685.13;ENSRNA049626982;SPBTRNAGLU.05;SPNCRNA.1389;SPNCRNA.1391;SPBC31A8.02;SPBC3D6.02;SPBC32H8.15;SPNCRNA.1441;SPBC29B5.01;SPNCRNA.1443;SPNCRNA.1453;SPBC19C2.07;SPBC19C2.08;SPBC3H7.05c;SPBC1815.01;SPNCRNA.1501;SPBC32F12.11;SPNCRNA.1553;SPNCRNA.26;SPNCRNA.1572;SPBC15D4.02;SPBC4B4.08;SPBC16D10.06;SPNCRNA.1672;SPNCRNA.1674;SPNCRNA.113;SPBC1861.02;SPNCRNA.1305;SPNCRNA.1318;SPNCRNA.1366;SPBC1685.12c;SPBC530.11c;SPBC36.02c;SPNCRNA.1390;SPBC36.03c;SPBC36.13;SPNCRNA.1425;SPBC32H8.02c;SPBC19C2.06c;SPNCRNA.1460;SPNCRNA.1471;SPBC16H5.02;SPBC2G5.06c;SPBC32F12.17;SPBC19C7.04c;SPNCRNA.1554;SPNCRNA.1571;SPBC4B4.07c;SPNCRNA.1622;SPNCRNA.1645;SPBC1861.01c;SPNCRNA.1673;SPBC14F5.04c;ENSRNA049622790;SPCTRNAHIS.03;SPCC1235.01;SPCC794.16;SPCC594.01;SPCC594.03;SPNCRNA.466;SPNCRNA.472;SPNCRNA.1157;SPCC63.13;SPCC63.14;SPCC1322.08;SPCC1281.08;SPNCRNA.1202;SPNCRNA.69;SPNCRNA.131;SPNCRNA.1218;SPNCRNA.1237;SPNCRNA.1238;SPCC1223.13;SPCC1739.13;SPCC757.11c;SPNCRNA.1116;SPCC794.04c;SPNCRNA.1133;SPCC594.02c;SPCC1672.02c;SPCC18B5.01c;SPCC1020.10;SPNCRNA.1156;SPNCRNA.1165;SPCC1322.07c;SPCC584.16c;SPCC417.15;SPNCRNA.32;SPCC417.16;SPCC1223.12c
Gaf1,
Hsf1,SPAC22H12.02;ENSRNA049630773;SPATRNAGLU.02;SPAC664.11;SPAPB1A10.05;SPNCRNA.774;SPAC631.02;SPNCRNA.811;SPAC13G7.03;SPAC17G8.15;SPNCRNA.857;SPACUNK4.19;SPACUNK4.16c;SPNCRNA.210;SPAC24C9.14;SPAC8E11.12;SPAC8E11.08c;SPAC8E11.02c;SPAC8E11.01c;SPAC328.03;SPAC17A2.12;SPAC17G6.13;SPNCRNA.941;SPNCRNA.236;SPNCRNA.92;SPNCRNA.93;SPNCRNA.954;SPAC9E9.14;SPAC9E9.15;SPNCRNA.311;SPAC17C9.16c;SPNCRNA.564;SPNCRNA.1037;SPNCRNA.1056;SPAC22H12.01c;SPAC222.07c;SPAC1A6.04c;SPNCRNA.757;SPNCRNA.765;SPAC110.04c;SPAC3C7.11c;SPAC631.01c;SPAC13G7.02c;SPAC8F11.10c;SPAPB24D3.07c;SPAC8E11.10;SPNCRNA.903;SPNCRNA.904;SPNCRNA.911;SPNCRNA.529;SPAC4H3.10c;SPAC1071.10c;SPAPB15E9.01c;SPAC1B3.03c;SPNCRNA.1055;SPAC26F1.06;SPAC26F1.05;SPBC119.02;SPNCRNA.1389;SPNCRNA.1391;SPNCRNA.337;SPNCRNA.352;SPBC83.17;SPNCRNA.1443;SPBC21B10.03c;SPBC19C2.07;SPBC19C2.08;SPBC1711.08;SPBC1815.01;SPBC2G5.05;SPNCRNA.1541;SPNCRNA.540;SPBC3E7.17;SPNCRNA.1542;SPBC32F12.11;SPBC19C7.02;SPBC3B9.01;SPNCRNA.1653;SPNCRNA.435;SPNCRNA.436;SPNCRNA.1657;SPNCRNA.113;SPBC1861.02;SPNCRNA.442;SPBC1539.04;SPBPB2B2.13;SPNCRNA.1382;SPBC36.02c;SPNCRNA.1390;SPBC36.03c;SPBC36.13;SPNCRNA.1424;SPBC83.19c;SPBC21B10.15;SPBC19C2.06c;SPNCRNA.1532;SPNCRNA.1540;SPBC3E7.02c;SPBC4F6.17c;SPBC32F12.17;SPBC19C7.01;SPBC1105.13c;SPNCRNA.1645;SPNCRNA.1673;SPBC14F5.04c;SPNCRNA.1688;SPBPB2B2.12c;SPNCRNA.466;SPCC24B10.21;SPCC24B10.22;SPNCRNA.1182;SPNCRNA.122;SPCC1322.04;SPNCRNA.1202;SPCC18.03;SPCC1739.13;SPNCRNA.1260;SPCC1672.02c;SPCC550.06c;SPCC645.14c;SPCC584.16c;SPCC1442.07c;SPNCRNA.1247;SPNCRNA.1258;SPCC576.03c;SPNCRNA.1259;SPCC830.07c;SPCC830.08c
Adn3,SPAC1F8.01;SPNCRNA.628;SPNCRNA.145;SPNCRNA.651;SPNCRNA.679;SPAC1A6.11;SPAC56F8.15;SPAC10F6.16;SPAC343.12;SPAC110.01;SPAC631.02;SPNCRNA.801;SPNCRNA.200;SPAC4F8.07c;SPNCRNA.857;SPACUNK4.19;SPNCRNA.01;SPNCRNA.213;SPAC16A10.01;SPNCRNA.910;SPAC3A11.07;SPAC328.03;SPNCRNA.917;SPAC17A2.11;SPAC17A2.12;SPNCRNA.92;SPNCRNA.93;SPAC2F3.08;SPNCRNA.954;SPAPB15E9.06;SPNCRNA.963;SPNCRNA.989;SPNCRNA.990;SPNCRNA.248;SPNCRNA.996;SPNCRNA.1024;SPAC22F8.05;SPNCRNA.1035;SPAPB8E5.03;SPAC29A4.22;SPAC29A4.12c;SPAC1039.02;SPNCRNA.603;SPNCRNA.626;SPAC24H6.13;SPAC4G8.03c;SPAC1A6.04c;SPAC56F8.14c;SPNCRNA.728;SPAC343.20;SPAC110.05;SPAC631.01c;SPAC13F5.03c;SPAC32A11.02c;SPAC23H3.15c;SPAC4F8.08;SPAPB2B4.04c;SPAC8F11.10c;SPACUNK4.15;SPNCRNA.872;SPNCRNA.72;SPNCRNA.73;SPNCRNA.74;SPNCRNA.873;SPNCRNA.909;SPNCRNA.911;SPNCRNA.529;SPAC17A2.10c;SPAC1071.10c;SPAC2F3.07c;SPAPB15E9.01c;SPNCRNA.53;SPAC27E2.11c;SPAC26H5.09c;SPAC25B8.12c;SPAC9E9.09c;SPAC27D7.11c;SPNCRNA.995;SPNCRNA.253;SPAC22F8.03c;SPAPB8E5.02c;SPNCRNA.1048;SPNCRNA.1054;SPAC26F1.11;SPBPB21E7.08;SPBC1683.08;SPNCRNA.298;SPNCRNA.100;SPBC1685.17;SPNCRNA.1367;SPBC1685.13;SPNCRNA.1389;SPNCRNA.1395;SPBC31A8.02;SPBC3D6.02;SPBC32H8.15;SPNCRNA.1441;SPBC29B5.01;SPNCRNA.1443;SPBC3H7.05c;SPNCRNA.1481;SPNCRNA.571;SPNCRNA.399;SPNCRNA.400;SPNCRNA.1541;SPNCRNA.540;SPBC3E7.17;SPNCRNA.1542;SPBC32F12.11;SPBC15D4.02;SPBC4B4.08;SPBC1347.11;ENSRNA049628543;SPBTRNAGLU.08;SPNCRNA.1305;SPNCRNA.1318;SPNCRNA.1366;SPBC1685.12c;SPBC36.02c;SPNCRNA.1390;SPBC713.13;SPNCRNA.1425;SPBC32H8.02c;SPNCRNA.1460;SPNCRNA.1471;SPNCRNA.1480;SPNCRNA.1540;SPBC3E7.02c;SPBC32F12.17;SPNCRNA.1571;SPBC4B4.07c;SPNCRNA.1626;SPNCRNA.1645;SPNCRNA.1665;SPBC1347.14c;SPBC56F2.06;SPCC1235.01;SPNCRNA.1120;SPCC1529.01;SPCC794.16;SPCC594.01;SPNCRNA.466;SPNCRNA.472;SPNCRNA.1153;SPCPB16A4.07;SPCC1322.08;SPNCRNA.1218;SPCC191.10;SPCC191.11;SPCC1223.13;SPNCRNA.1116;SPCC548.06c;SPCC794.04c;SPNCRNA.1133;SPCC1672.02c;SPCC18B5.01c;SPNCRNA.1165;SPCC1322.07c;SPCC417.15;SPNCRNA.32;SPCC417.16;SPNCRNA.1223;SPCC1223.12c
Ams2,SPAC18B11.08c;SPNCRNA.160;SPAC1565.03;SPAC23H4.05c;SPNCRNA.746;SPNCRNA.778;SPNCRNA.184;SPAC17H9.16;SPAC631.02;SPNCRNA.813;SPAC1B9.03c;SPAC644.09;SPACUNK4.16c;ENSRNA049631425;SPATRNAALA.03;SPNCRNA.217;SPNCRNA.954;SPAC1834.04;SPAC4G8.11c;SPAC1687.16c;ENSRNA049633212;SPATRNAALA.01;SPAC1565.02c;SPAC17H9.14c;SPAC631.01c;SPAC3G9.12;SPAPB15E9.01c;SPAC19G12.06c;SPAC1834.03c;SPNCRNA.253;SPAC22F8.03c;SPNCRNA.332;SPNCRNA.115;SPBC3B8.07c;SPBC1105.12;SPBC1105.14;SPBC887.16;SPNCRNA.428;SPNCRNA.1631;SPBC1652.02;SPBC713.14c;SPNCRNA.1595;SPNCRNA.1610;SPBC1105.11c;SPNCRNA.1611;SPNCRNA.1617;SPBC19F5.01c;SPNCRNA.466;SPCC1739.13;SPNCRNA.550;SPCC965.13;SPNCRNA.35;SPCC1672.02c
Res1,SPNCRNA.163;SPAC821.09;SPAC110.02;SPAP14E8.02;SPAC17H9.20;SPAPB2B4.03;SPAC513.04;SPAC513.05;SPNCRNA.71;SPAC31G5.10;SPAC3H5.06c;SPAC1F7.04;SPAC1F7.05;SPAC144.14;SPAC1834.04;SPAC821.08c;SPAC17H9.19c;SPAC644.05c;SPAC513.03;SPAC31G5.09c;SPNCRNA.72;SPNCRNA.73;SPAC3H5.07;SPAC694.06c;SPAC144.13c;SPAC1834.03c;SPBC660.11;SPBC660.14;SPBC428.18;SPNCRNA.324;SPBC119.04;SPNCRNA.325;SPBC119.14;SPBC1306.02;SPNCRNA.1495;SPBC14C8.10;SPNCRNA.1547;SPNCRNA.1548;SPBC1778.04;SPBC25D12.04;SPBC3B9.01;SPBC1347.02;SPBC1347.03;SPBC660.12c;SPBC660.13c;SPBC428.17c;SPBC1306.01c;SPBC11B10.10c;SPBC14C8.07c;SPBC336.12c;SPBC336.13c;SPBC1778.03c;SPBC887.14c;SPBC32C12.03c;SPBC1347.01c;SPCC330.02;SPCC1235.16;SPCC553.07c;SPCC594.01;SPCC63.13;SPCC63.14;SPCC550.13;SPCC1442.01;SPCC290.04;ENSRNA049624288;SPCTRNASER.13;SPCPB1C11.02;SPCC70.10;SPCC1235.05c;SPNCRNA.1126;SPNCRNA.1133;SPCC23B6.03c;SPCC23B6.04c;SPCC1450.16c;SPCC70.08c;SPCC70.09c
Atf1,SPAC1F8.01;SPAC1F8.05;SPAC1F8.08;SPNCRNA.143;SPNCRNA.627;SPNCRNA.144;SPNCRNA.628;SPNCRNA.145;SPNCRNA.679;SPAC56F8.15;SPNCRNA.724;SPAC9.10;SPNCRNA.171;SPAC167.06c;SPAC1705.02;SPAC1002.20;SPAC110.01;SPNCRNA.779;SPNCRNA.781;SPAC631.02;ENSRNA049631187;SPATRNALYS.03;SPNCRNA.831;SPNCRNA.200;SPAC4F8.07c;SPACUNK4.19;SPAPB1A11.03;SPNCRNA.01;SPNCRNA.213;SPAC16A10.01;SPNCRNA.14;SPAC3A11.05c;SPAC328.03;SPNCRNA.917;SPAC17A2.11;SPAC17A2.12;SPAC4H3.01;SPNCRNA.92;SPNCRNA.93;SPNCRNA.954;SPAPB15E9.06;SPNCRNA.963;SPAC9E9.01;SPAC9E9.04;SPAC9E9.05;SPNCRNA.989;SPNCRNA.990;SPAC17D4.01;SPAC17D4.02;SPAC19B12.09;SPNCRNA.1035;SPAPB8E5.03;SPAPB8E5.05;SPAC19D5.01;SPAC1039.02;SPAC869.06c;SPAC186.03;SPAC977.13c;SPNCRNA.603;SPAC1F8.07c;SPNCRNA.619;SPAC806.11;SPNCRNA.03;SPNCRNA.626;SPAC24H6.06;SPAC4G8.03c;SPAC1A6.04c;SPAC10F6.01c;SPAC167.08;SPAC1002.13c;SPAC110.05;SPNCRNA.777;SPAC631.01c;SPNCRNA.807;SPAC22H10.12c;SPNCRNA.826;SPAC4F8.08;SPAPB2B4.04c;SPACUNK4.15;SPAC2E1P3.05c;SPNCRNA.861;SPNCRNA.863;SPNCRNA.872;SPNCRNA.74;SPNCRNA.873;SPAC1486.03c;SPAC3H5.11;SPAC3A11.06;SPNCRNA.911;SPNCRNA.529;SPAC17A2.10c;SPAC1F12.10c;SPAC1071.10c;SPAPB15E9.01c;SPAPB15E9.02c;SPNCRNA.53;SPAC27E2.11c;SPAC26H5.09c;SPAC25B8.12c;SPAC21E11.03c;SPAC16.05c;SPNCRNA.99;SPNCRNA.988;SPAC9E9.09c;SPAC1834.13;SPNCRNA.253;SPAC22F8.03c;SPAPB8E5.02c;SPSNORNA.16;ENSRNA049676829;SPNCRNA.1054;SPAC26F1.11;SPNCRNA.1058;SPBPB21E7.08;SPNCRNA.292;SPBC1683.01;SPBC1683.02;SPNCRNA.100;SPBC1685.13;SPNCRNA.313;ENSRNA049626982;SPBTRNAGLU.05;SPNCRNA.1389;SPBC1709.05;SPBC1709.06;SPBC31A8.02;SPBC3D6.02;SPBC32H8.15;SPNCRNA.1441;SPBC29B5.01;SPNCRNA.1453;SPBC3H7.05c;SPNCRNA.1481;SPNCRNA.571;SPNCRNA.397;SPBC12C2.03c;SPNCRNA.1547;SPNCRNA.1548;SPBC32F12.11;SPNCRNA.1553;SPNCRNA.26;SPBC15D4.02;SPNCRNA.419;SPNCRNA.1598;SPNCRNA.1599;SPBC4B4.08;SPNCRNA.1605;SPBC1105.05;SPBC16D10.06;SPNCRNA.1672;SPNCRNA.1674;SPNCRNA.113;SPBC1861.02;SPBC8E4.01c;SPBP4G3.02;SPNCRNA.1305;SPBC1683.09c;SPBC1685.12c;SPBC530.06c;SPBC530.11c;SPBC36.02c;SPNCRNA.1390;SPNCRNA.1425;SPBC32H8.02c;SPNCRNA.1460;SPNCRNA.1471;SPNCRNA.1480;SPBC12C2.14c;SPBC336.12c;SPBC32F12.17;SPBC19C7.04c;SPNCRNA.1554;SPNCRNA.1571;SPBC13A2.04c;SPBC4B4.07c;SPBC1718.07c;SPNCRNA.1604;SPNCRNA.1609;SPNCRNA.1622;SPBP8B7.15c;SPNCRNA.1645;SPBC1347.13c;SPBC1861.01c;SPNCRNA.1673;SPBC14F5.04c;SPBC14F5.12c;SPBC14F5.13c;SPNCRNA.1695;SPCC757.12;SPCC1235.01;SPCC794.02;SPCC794.16;SPCC594.01;SPCC594.03;SPCC962.01;SPNCRNA.466;SPNCRNA.467;ENSRNA049677122;SPSNORNA.32;SPCC1672.10;SPCC1183.11;SPNCRNA.471;SPNCRNA.472;SPNCRNA.1155;SPNCRNA.1157;SPNCRNA.1158;SPCC1393.08;ENSRNA049677099;SPSNORNA.46;SPNCRNA.477;SPCPB16A4.07;SPCC1322.08;SPNCRNA.488;SPCC1281.08;SPNCRNA.1195;SPNCRNA.1218;SPCC191.10;SPCC1223.13;SPNCRNA.1260;SPCC1620.08;SPNCRNA.1116;SPCC794.01c;SPCC794.04c;SPNCRNA.1133;SPCC594.02c;SPCP31B10.08c;SPCC1672.02c;SPNCRNA.1146;SPCC18B5.01c;SPCC18B5.10c;SPCC18B5.11c;SPCC1020.10;SPNCRNA.1156;SPCC1393.14;ENSRNA049625420;SPCTRNAGLY.11;SPCPB16A4.03c;SPNCRNA.1165;SPCC1322.07c;SPCC622.12c;SPCC417.15;SPNCRNA.32;SPCC417.16;SPNCRNA.1223;SPCC285.09c;SPCC1223.12c;SPNCRNA.1258;SPCC576.03c;SPNCRNA.1259;SPCC576.17c
Sak1,SPAC1F8.01;SPAC12G12.07c;SPAC12G12.06c;SPAC2F7.11;SPNCRNA.154;SPNCRNA.697;SPNCRNA.163;SPAC23C4.13;SPAC56F8.15;SPAC20G8.06;SPAC110.01;SPNCRNA.779;SPAC631.02;SPAC23C11.16;SPNCRNA.837;SPNCRNA.200;SPAC4F8.07c;SPAC3F10.17;SPNCRNA.01;ENSRNA049631359;SPATRNALYS.05;SPNCRNA.215;SPAC16A10.04;SPNCRNA.897;SPAC8E11.02c;SPAC8E11.01c;SPAC328.03;SPNCRNA.917;SPAC17A2.11;SPAC17A2.12;SPAC15A10.10;SPNCRNA.92;SPNCRNA.93;SPNCRNA.954;SPNCRNA.963;SPNCRNA.248;SPNCRNA.996;SPAC4F10.22;SPNCRNA.255;SPAC1006.08;SPAC29A4.03c;SPAC29A4.02c;SPSNORNA.15;SPAC26F1.14c;SPNCRNA.1069;SPAP8A3.06;SPNCRNA.525;SPAP8A3.08;SPNCRNA.603;SPAC12G12.08;SPAC24H6.05;SPAC24H6.04;SPAC1687.19c;SPAC821.08c;SPAC1A6.04c;SPAC56F8.14c;SPAC20G8.05c;SPAC110.05;SPNCRNA.777;SPAC631.01c;SPAC6B12.14c;SPAC4A8.05c;SPAC4F8.08;SPAC3F10.15c;SPAC3F10.16c;SPACUNK4.15;SPNCRNA.872;SPNCRNA.74;SPNCRNA.873;SPAC6G10.10c;SPAC6G10.11c;SPAC6G10.12c;SPAPB1E7.04c;SPNCRNA.904;SPNCRNA.911;SPNCRNA.529;SPAC17A2.10c;SPNCRNA.927;SPAC15A10.09c;SPAC1071.10c;SPAPB15E9.01c;SPAC26H5.09c;SPAC27D7.11c;SPNCRNA.995;SPNCRNA.253;SPAC22F8.03c;SPNCRNA.1033;SPAC19B12.02c;SPNCRNA.1051;SPNCRNA.1054;SPAC26F1.11;SPAC11E3.13c;SPAP8A3.07c;SPNCRNA.1073;SPNCRNA.292;SPBC1683.08;SPNCRNA.298;SPNCRNA.100;SPNCRNA.1323;SPBC1198.08;SPBC660.14;SPBC428.18;SPBC1685.13;SPNCRNA.1389;SPBC1306.02;SPBC31A8.02;SPBC3D6.02;SPBC32H8.15;SPBC32H8.07;SPBC32H8.09;SPNCRNA.1441;SPBC29B5.01;SPBC27.04;SPNCRNA.1453;SPBC2F12.14c;SPSNORNA.22;SPNCRNA.1455;SPBC2F12.12c;SPBC2F12.11c;SPBC3H7.05c;SPBC19G7.04;SPBC4F6.12;SPBC32F12.11;SPBC11C11.02;SPBC11C11.05;SPBC1105.05;SPNCRNA.1640;SPNCRNA.439;SPNCRNA.1318;SPBC1198.07c;SPBC660.13c;SPBC428.17c;SPBC1685.12c;SPBC36.02c;SPNCRNA.1390;SPBC1306.01c;SPNCRNA.1425;SPBC32H8.02c;SPNCRNA.1435;SPBC32H8.08c;SPNCRNA.1436;SPSNORNA.47;SPNCRNA.1446;SPBC2F12.13;SPNCRNA.1460;SPNCRNA.1471;SPBC19G7.03c;SPBC4F6.11c;SPBC32F12.17;SPBC1703.14c;SPBC17D1.17;SPBC11C11.04c;SPNCRNA.1609;SPBC31F10.17c;SPNCRNA.1645;SPBC16G5.15c;SPNCRNA.1694;SPCC1884.02;SPCC757.12;SPCC1235.01;SPCC594.01;SPCC1682.14;SPCC1682.15;SPCC4G3.06c;SPCC4G3.05c;SPCC970.10c;SPCC24B10.17;SPCC24B10.18;SPCC24B10.21;SPCC24B10.22;SPNCRNA.122;SPCC1322.04;SPNCRNA.490;SPCC338.11c;SPCC1281.01;SPNCRNA.1218;SPCC1620.03;SPCC830.02;SPNCRNA.1278;SPNCRNA.07;SPNCRNA.1116;SPNCRNA.1133;SPNCRNA.1139;SPCC24B10.16c;SPNCRNA.1165;SPCC338.13;SPCC338.12;SPCC417.15;SPNCRNA.32;SPCC417.16;SPBC460.02c
Teb1,SPNCRNA.163;SPAC631.02;SPNCRNA.811;SPAC13G7.03;SPAC7D4.07c;SPAC7D4.06c;SPNCRNA.209;SPAC328.03;SPAC17A2.12;SPNCRNA.510;SPNCRNA.942;SPNCRNA.954;SPNCRNA.963;SPAC26H5.11;SPAC1834.04;SPAC186.06;SPAC821.08c;SPAC1A6.04c;SPAC631.01c;SPAC13G7.02c;SPAC7D4.08;SPAC513.01c;SPNCRNA.911;SPNCRNA.529;SPAC4H3.11c;SPSNORNA.30;SPAPB15E9.01c;SPNCRNA.53;SPAC27E2.11c;SPAC19G12.06c;SPAC26H5.09c;SPAC26H5.10c;SPAC1834.03c;SPNCRNA.1054;SPAC26F1.11;SPAC186.05c;SPBC1685.13;SPNCRNA.1389;SPBC32H8.15;SPNCRNA.1541;SPNCRNA.540;SPBC3E7.17;SPNCRNA.1542;SPBC32F12.11;SPBC1105.12;SPBC1685.12c;SPBC36.02c;SPNCRNA.1390;SPBC32H8.02c;SPBC1826.01c;SPNCRNA.1540;SPBC3E7.02c;SPBC32F12.17;SPNCRNA.1610;SPBC1105.11c;SPBC1289.02c;SPBC1289.03c;SPCC1235.01;SPNCRNA.466;SPCC1739.13;SPCC830.02;SPNCRNA.1116;SPCC1672.02c;SPNCRNA.1165
Zas1,SPAC18B11.08c;SPNCRNA.640;SPAC3H8.10;SPAC1F3.01;SPNCRNA.160;SPAC56F8.13;SPAC56F8.15;SPAC56F8.16;SPAC1565.03;SPNCRNA.737;SPAC23H4.05c;SPNCRNA.746;SPNCRNA.778;SPNCRNA.184;SPAC17H9.16;SPAC23C11.07;SPAC23C11.08;SPAC13G7.10;SPAC13G7.11;SPNCRNA.813;SPAC1B9.03c;SPAC19A8.11c;SPNCRNA.200;SPAC4F8.07c;SPAC644.09;SPAC644.10;SPACUNK4.19;SPACUNK4.16c;ENSRNA049631425;SPATRNAALA.03;SPNCRNA.217;SPAC328.02;SPNCRNA.244;SPNCRNA.989;SPNCRNA.990;SPAC144.11;SPAC144.12;SPNCRNA.1030;SPAC11E3.09;SPAC4D7.13;SPAC12G12.03;SPNCRNA.667;SPAC4G8.11c;SPAC1687.16c;ENSRNA049633212;SPATRNAALA.01;SPAC56F8.14c;SPAC1565.02c;SPNCRNA.736;SPNCRNA.86;SPAC105.02c;SPAC17H9.13c;SPAC17H9.14c;SPNCRNA.792;SPAC3C7.14c;SPNCRNA.794;SPAC13G7.09c;SPAC19A8.13;SPAC4A8.09c;SPAC4F8.08;SPAPB24D3.10c;SPAC3G9.12;SPAC6G10.03c;SPAC6G10.04c;SPAC328.01c;SPAC25B8.13c;SPAC9E9.09c;SPNCRNA.1013;SPNCRNA.1015;SPAC1834.06c;SPNCRNA.253;SPAC22F8.03c;SPAC4F10.13c;SPAC26F1.01;SPNCRNA.1063;SPAC4D7.12c;SPNCRNA.332;SPBP35G2.02;SPNCRNA.337;SPBC725.14;SPBC725.15;SPNCRNA.1477;SPBC23G7.05;SPBC1711.08;SPBC2G5.05;SPBC1703.02;SPNCRNA.1572;SPBC13E7.11;SPBC30D10.12c;SPNCRNA.415;SPBC609.01;SPBC776.13;SPNCRNA.115;SPBC3B8.07c;SPNCRNA.419;SPNCRNA.1598;SPNCRNA.1599;SPBC887.16;SPBC887.17;SPBP8B7.22;SPNCRNA.428;SPNCRNA.1631;SPBC1677.02;SPBC1652.02;SPNCRNA.1689;SPBC713.14c;SPBP35G2.16c;SPBC725.13c;SPBC16E9.11c;SPBC23G7.08c;SPNCRNA.1532;SPBC6B1.08c;SPBC1703.01c;SPBC13E7.10c;SPNCRNA.1583;SPNCRNA.1595;SPBC13A2.04c;SPNCRNA.1617;SPBC19F5.01c;SPNCRNA.1649;SPNCRNA.20;SPNCRNA.577;SPBC1289.04c;SPCC16C4.03;SPCC1739.13;SPNCRNA.550;SPCC965.13;SPNCRNA.35;SPCC16C4.02c;SPCC126.07c;SPBC1198.04c
Cbf11,
Loz1,SPAC5H10.07;SPNCRNA.217;SPAC4H3.01;ENSRNA049676787;SPNCRNA.98;SPAC19B12.09;SPAC29A4.22;SPAC29A4.12c;SPAC5H10.06c;SPAC1F12.10c;SPNCRNA.1048;SPNCRNA.397;SPBC12C2.03c;SPBC16D10.06;SPNCRNA.1637;SPBC12C2.14c;SPNCRNA.1622;SPBC31F10.10c;SPNCRNA.1260;SPCC13B11.02c;SPNCRNA.2001;SPNCRNA.2002;SPNCRNA.1258;SPCC576.03c;SPNCRNA.1259
Map1,
Mbx1,
Mbx2,
Mca1,SPAC1751.04;SPAC1751.03;SPAC31A2.02;SPAC25H1.05;SPAC25H1.06;SPAC2E1P5.03;SPAC2E1P5.05;SPAC26A3.16;SPNCRNA.902;SPAC19G12.14;SPAC25B8.08;SPNCRNA.966;SPAC25B8.09;SPNCRNA.248;SPNCRNA.996;SPAC458.06;SPAC890.03;SPAC1751.01c;SPAC1751.02c;SPNCRNA.833;SPAC2E1P5.04c;SPAC26A3.15c;SPAC25B8.07c;SPAC27D7.11c;SPNCRNA.995;SPNCRNA.1020;SPAC1952.17c;SPAC890.02c;SPAC3G6.09c;SPBC16H5.07c;SPBC16H5.05c;SPBC16G5.06;SPBC16H5.06;SPBC17D11.02c;SPBC16G5.05c;SPCC24B10.12;SPCC1442.01;SPCC1620.10;SPCC1620.11;SPCC24B10.11c;SPCC1450.14c;SPCC1450.16c;SPCC1620.09c
Moc3,SPNCRNA.917;SPAC17A2.11;SPAC17A2.12;SPNCRNA.92;SPNCRNA.93;SPNCRNA.954;SPAC17A2.10c;SPNCRNA.934;SPAC1071.10c;SPAPB15E9.01c;SPAPB15E9.02c;SPNCRNA.1351;SPBC31A8.02;SPBC3D6.02;SPBC28F2.09;SPNCRNA.1450;SPNCRNA.359;SPBC3H7.03c;SPBC17G9.10;SPBC1815.01;SPNCRNA.1515;SPBC12C2.10c;SPNCRNA.397;SPBC12C2.03c;SPBPB2B2.01;SPBC106.07c;SPBC947.10;SPNCRNA.1425;SPBC17G9.08c;SPBC17G9.11c;ENSRNA049677768;SPSNORNA.38;SPBC12C2.11;SPBC12C2.14c;SPBC6B1.08c;SPCC1235.01;SPCC4G3.07c;SPNCRNA.1218;SPNCRNA.1116;SPCC4G3.08;SPNCRNA.1165;SPCC417.15;SPNCRNA.32;SPCC417.16;SPCC576.17c
Pap1,SPAC8E11.07c;SPAC750.01;SPAPB24D3.08c;SPNCRNA.1389;SPBC216.05;SPBC36.02c;SPNCRNA.1390;SPBC216.04c;SPNCRNA.472;SPCC663.03;SPCC18B5.01c;SPCC965.07c
Pcr1,SPNCRNA.679;SPAC56F8.15;SPAC167.06c;SPAC631.02;SPNCRNA.811;SPAC13G7.03;SPNCRNA.200;SPAC4F8.07c;SPACUNK4.19;SPAPB1A11.03;SPNCRNA.01;SPNCRNA.213;SPAC16A10.01;SPNCRNA.14;SPAC8E11.02c;SPAC8E11.01c;SPAC3A11.05c;SPAC328.03;SPAC17A2.11;SPAC17A2.12;SPAC17G6.13;SPAC1142.09;SPAC8C9.03;SPAC4H3.01;SPNCRNA.92;SPNCRNA.93;SPAC2F3.08;SPNCRNA.954;SPAC9E9.04;SPAC9E9.05;SPNCRNA.989;SPNCRNA.990;SPNCRNA.248;SPNCRNA.996;SPNCRNA.1024;SPAC22F8.05;SPAC29A4.22;SPAC29A4.12c;SPAC26F1.04c;SPNCRNA.260;SPAC19D5.01;SPAC1039.02;SPAC24H6.06;SPAC4G8.03c;SPAC1A6.04c;SPAC56F8.14c;SPAC631.01c;SPAC13G7.02c;SPAC22H10.12c;SPAC6B12.06c;SPAC6B12.07c;SPAC4F8.08;SPAPB2B4.04c;SPACUNK4.15;SPNCRNA.872;SPNCRNA.72;SPNCRNA.73;SPNCRNA.74;SPNCRNA.873;SPAC1486.03c;SPNCRNA.904;SPAC3A11.06;SPNCRNA.911;SPNCRNA.529;SPAC1F12.10c;SPAC1071.10c;SPAC2F3.07c;SPAPB15E9.01c;SPNCRNA.53;SPAC27E2.11c;SPAC25B8.12c;SPAC21E11.03c;SPNCRNA.988;SPAC9E9.09c;SPAC27D7.11c;SPNCRNA.995;SPNCRNA.1048;SPNCRNA.1054;SPAC26F1.11;SPNCRNA.1057;SPNCRNA.1058;SPBPB21E7.08;SPBC1683.01;SPBC1683.02;SPNCRNA.100;SPBC1685.13;SPBPJ4664.01;SPNCRNA.1389;SPBC31A8.02;SPBC3D6.02;SPBC32H8.15;SPBC32H8.07;SPNCRNA.1441;SPBC29B5.01;SPNCRNA.1541;SPNCRNA.540;SPBC3E7.17;SPNCRNA.1542;SPNCRNA.1547;SPNCRNA.1548;SPBC32F12.11;SPNCRNA.1553;SPNCRNA.26;SPBC11C11.02;ENSRNA049628543;SPBTRNAGLU.08;SPNCRNA.1305;SPBC1683.09c;SPBC1685.12c;SPBC36.02c;SPNCRNA.1390;SPNCRNA.1425;SPBC32H8.02c;SPNCRNA.1435;SPNCRNA.1460;SPNCRNA.1540;SPBC3E7.02c;SPBC336.12c;SPBC32F12.17;SPBC19C7.04c;SPNCRNA.1554;SPBC17D1.17;SPNCRNA.1645;SPBC56F2.06;SPBC14F5.12c;SPBC14F5.13c;SPCC757.12;SPNCRNA.1111;SPCC1235.01;SPNCRNA.466;SPCC1183.11;SPNCRNA.472;SPNCRNA.1155;SPCPB16A4.07;SPNCRNA.122;SPCC1322.04;SPCC1322.08;SPNCRNA.51;SPNCRNA.1218;SPCC1739.13;SPCC330.21;SPCC330.06c;SPNCRNA.1116;SPCC1672.02c;SPNCRNA.1146;SPCC18B5.01c;SPCC18B5.10c;SPCC18B5.11c;SPNCRNA.1165;SPCC825.03c;SPCC23B6.01c;SPCC1322.07c;SPCC584.11c;SPCC417.15;SPNCRNA.32;SPCC417.16;SPCC285.09c
Pho7,SPNCRNA.628;SPNCRNA.145;SPNCRNA.651;SPNCRNA.679;SPAC56F8.15;SPAC10F6.16;SPAC5D6.10c;SPAC5D6.09c;SPAC631.02;SPNCRNA.857;SPACUNK4.19;SPNCRNA.01;SPAC3A11.08;SPNCRNA.910;SPAC3A11.07;SPAC328.03;SPAC2F3.08;SPNCRNA.954;SPNCRNA.989;SPNCRNA.990;SPNCRNA.248;SPNCRNA.996;SPAC1039.02;SPNCRNA.626;SPAC24H6.13;SPAC4G8.03c;SPAC1A6.04c;SPAC56F8.14c;SPNCRNA.728;SPAC631.01c;SPAC8F11.10c;SPACUNK4.15;SPNCRNA.872;SPNCRNA.72;SPNCRNA.73;SPNCRNA.74;SPNCRNA.873;SPAC3A11.09;SPNCRNA.909;SPNCRNA.911;SPNCRNA.529;SPAC2F3.07c;SPAPB15E9.01c;SPAC25B8.12c;SPAC9E9.09c;SPAC27D7.11c;SPNCRNA.995;SPNCRNA.253;SPAC22F8.03c;SPNCRNA.1054;SPAC26F1.11;SPNCRNA.292;SPBC1685.13;ENSRNA049626982;SPBTRNAGLU.05;SPNCRNA.1389;SPBC31A8.02;SPBC3D6.02;SPBC32H8.15;SPNCRNA.399;SPNCRNA.400;SPNCRNA.1541;SPNCRNA.540;SPBC3E7.17;SPNCRNA.1542;SPBC32F12.11;SPBC16D10.06;SPBC1347.11;ENSRNA049628543;SPBTRNAGLU.08;SPNCRNA.1672;SPNCRNA.1674;SPNCRNA.113;SPBC1289.17;SPBC359.03c;SPBC1685.12c;SPBC530.11c;SPBC36.02c;SPNCRNA.1390;SPNCRNA.1425;SPBC32H8.02c;SPNCRNA.1540;SPBC3E7.02c;SPBC32F12.17;SPNCRNA.1622;SPNCRNA.1645;SPNCRNA.1665;SPBC1347.14c;SPBC56F2.06;SPBC1861.01c;SPNCRNA.466;SPNCRNA.1190;SPCC4F11.05;SPNCRNA.511;SPCC1672.02c;SPNCRNA.1165;SPCC4F11.04c;SPNCRNA.587;SPNCRNA.585
Php2,SPNCRNA.811;SPAC13G7.03;SPNCRNA.92;SPNCRNA.93;SPAC26H5.11;SPAC18G6.07c;SPAC13G7.02c;SPAC1071.10c;SPAC26H5.10c;ENSRNA049676580;SPRRNA.20;SPAC16.05c;SPBC660.11;SPNCRNA.1441;SPBC29B5.01;SPBC19C2.07;SPBC19C2.08;SPBC4B4.08;SPBC19C2.06c;SPBC4F6.16c;SPNCRNA.453;SPCC1235.01;SPNCRNA.1195;SPNCRNA.1218;SPCC1739.13;SPCPB1C11.01;SPCC757.07c;SPNCRNA.1116;SPNCRNA.1165;SPCC622.12c;SPCC417.15;SPNCRNA.32;SPCC417.16;SPCC576.17c
Php3,SPAC1F8.01;SPAC1F8.08;SPAC11D3.19;SPAC11D3.05;SPAC11D3.06;SPAC5H10.07;SPAC24B11.14;SPAC24B11.13;SPNCRNA.628;SPNCRNA.145;SPNCRNA.651;SPNCRNA.653;SPNCRNA.551;SPNCRNA.658;SPNCRNA.155;SPAC13A11.03;SPNCRNA.156;SPAC3H8.06;SPNCRNA.679;SPAC56F8.15;SPNCRNA.740;SPAC1002.20;SPAC1399.01c;SPNCRNA.766;SPAPB1A10.14;SPAC140.01;SPAC110.01;SPNCRNA.784;SPAC631.02;SPNCRNA.801;SPAC17G8.07;SPAC4A8.04;SPACUNK4.19;SPNCRNA.01;SPAC1786.02;SPNCRNA.88;SPNCRNA.879;SPNCRNA.216;SPAC3G9.13c;SPAPB1E7.07;SPNCRNA.910;SPAC3A11.07;SPAC328.03;SPNCRNA.917;SPAC17A2.11;SPAC17A2.12;SPAC4H3.01;SPNCRNA.941;SPNCRNA.236;SPNCRNA.92;SPNCRNA.93;SPAC323.08;SPNCRNA.954;SPNCRNA.341;SPAC23A1.17;SPAC26H5.11;SPAC9E9.01;SPNCRNA.12;SPAC9E9.03;SPNCRNA.248;SPNCRNA.996;SPNCRNA.1056;SPAC1039.02;SPNCRNA.275;SPAC1039.09;SPAC869.06c;SPNCRNA.603;SPNCRNA.604;SPAC1F8.07c;SPAC11D3.04c;SPAC5H10.06c;SPNCRNA.624;SPNCRNA.626;SPAC24H6.13;SPAC24H6.04;SPAC227.13c;SPAC13A11.02c;SPAC3H8.05c;SPNCRNA.664;SPAC4G8.03c;SPAC1A6.04c;SPAC56F8.14c;SPAC20G8.04c;SPAC23H4.06;SPAC1002.13c;SPAC1399.06;SPAPB1A10.07c;SPNCRNA.767;SPAC110.05;SPNCRNA.782;SPAC631.01c;SPAC13F5.03c;SPAC17G8.06c;SPAC19A8.04;SPAC23H3.15c;SPAC4A8.03c;SPAPB2B4.04c;SPAPB24D3.10c;SPNCRNA.872;SPNCRNA.72;SPNCRNA.73;SPNCRNA.74;SPNCRNA.873;SPNCRNA.877;SPAC1786.04;SPAC24C9.06c;SPAC3G9.14;SPNCRNA.900;SPNCRNA.909;SPNCRNA.911;SPNCRNA.529;SPAC17A2.10c;SPAC8C9.12c;SPNCRNA.934;SPAC1F12.10c;SPAC4H3.10c;SPAC1071.10c;SPAC323.07c;SPAPB15E9.01c;SPAPB15E9.02c;SPAC27E2.14;SPAC23A1.16c;SPAC26H5.10c;SPAC25B8.12c;SPAC25B8.13c;SPAC16.05c;SPNCRNA.99;SPAC27D7.11c;SPNCRNA.995;SPAC27D7.12c;SPNCRNA.253;SPAC22F8.03c;SPAC1952.15c;SPNCRNA.1054;SPAC26F1.11;SPNCRNA.1055;SPAC26F1.06;SPAC26F1.05;SPNCRNA.1086;SPNCRNA.293;SPBC359.05;SPNCRNA.1314;SPBC359.06;SPBC1683.08;SPNCRNA.298;SPBC1685.13;SPNCRNA.313;SPNCRNA.328;SPNCRNA.1389;SPBC1709.01;SPBC409.08;SPBC31A8.02;SPBC3D6.02;SPBC32H8.15;SPNCRNA.1441;SPBC29B5.01;SPNCRNA.1453;SPBC19C2.07;SPBC19C2.08;SPBC3H7.03c;SPNCRNA.1473;SPNCRNA.1482;SPNCRNA.385;SPBC17G9.10;SPBC1815.01;SPBC15C4.05;SPBC12C2.10c;SPNCRNA.397;SPBC12C2.03c;SPBC29A10.01;SPBC32F12.11;SPNCRNA.1553;SPNCRNA.26;SPBC2D10.04;SPNCRNA.1572;SPBC15D4.02;SPNCRNA.415;SPBC609.01;SPNCRNA.419;SPNCRNA.1598;SPNCRNA.1599;SPBC4B4.08;SPNCRNA.1601;SPBPB7E8.02;SPBC1105.05;SPBC887.16;SPBC887.17;SPNCRNA.1637;SPBC1289.14;SPBC359.04c;SPNCRNA.1313;SPNCRNA.1318;SPBC1683.10c;SPBP26C9.03c;SPBC1685.12c;SPBC530.09c;SPBC530.10c;SPNCRNA.1385;SPBC36.02c;SPNCRNA.1390;SPBC1734.16c;SPNCRNA.1415;SPNCRNA.1424;SPNCRNA.1425;SPBC32H8.02c;SPBC19C2.04c;SPBC19C2.06c;SPBC3H7.02;SPBP23A10.11c;SPBC17G9.11c;SPBC12C2.14c;SPBC29A10.10c;SPBC32F12.17;SPBC19C7.04c;SPNCRNA.1554;SPNCRNA.1571;SPNCRNA.1583;SPBC13A2.04c;SPBC4B4.07c;SPBC2G2.17c;SPNCRNA.1607;SPNCRNA.1609;SPBC1105.13c;SPNCRNA.1617;SPBC31F10.10c;SPNCRNA.1645;SPBC14F5.04c;SPNCRNA.453;SPCC757.12;SPCC330.10;SPCC330.11;SPCC1235.01;SPNCRNA.1120;SPCC1529.01;SPCC794.02;SPCC794.16;SPCC4G3.07c;SPNCRNA.466;SPCPJ732.03;SPNCRNA.1158;SPCC1393.08;SPCC2H8.02;SPCC16A11.11;SPCC645.04;SPNCRNA.122;SPCC1322.04;SPCC1281.08;SPNCRNA.1195;SPNCRNA.1205;SPNCRNA.495;SPNCRNA.1218;SPCC191.07;SPCC191.08;SPCC1223.08c;SPNCRNA.1236;SPCPB1C11.01;SPNCRNA.1260;SPCC757.07c;SPNCRNA.1116;SPCC1235.12c;SPCC548.06c;SPCC794.01c;SPCC794.04c;SPCC4G3.08;SPCC1672.02c;SPCPJ732.02c;SPCC16A11.09c;SPCC16A11.10c;SPNCRNA.1165;SPCC825.03c;SPCC645.03c;SPCC622.12c;SPCC13B11.02c;SPNCRNA.2001;SPNCRNA.2002;SPCC1902.01;SPCC417.02;SPCC417.15;SPNCRNA.32;SPCC417.16;SPNCRNA.1221;SPCC1223.07c;SPCC1223.09;SPCC18.05c;SPCC18.06c;SPNCRNA.1258;SPCC576.03c;SPNCRNA.1259;SPCC576.17c
Php5,SPAC343.13;SPAC631.02;SPNCRNA.917;SPNCRNA.92;SPNCRNA.93;SPNCRNA.954;SPAC26H5.11;SPNCRNA.1078;SPAC1A6.04c;SPAC343.20;SPAC631.01c;SPAC17A2.10c;SPAC1071.10c;SPAPB15E9.01c;SPAC26H5.10c;ENSRNA049676952;SPSNORNA.18;SPNCRNA.1441;SPBC29B5.01;SPBC4B4.08;SPBC1289.14;SPNCRNA.453;SPCC1235.01;SPNCRNA.1195;SPNCRNA.1218;SPCC1739.13;SPCC757.07c;SPNCRNA.1116;SPNCRNA.1165;SPCC622.12c;SPCC417.15;SPNCRNA.32;SPCC417.16;SPCC576.17c
Phx1,SPNCRNA.651;SPNCRNA.679;SPAC56F8.15;SPAC110.01;SPAC631.02;SPNCRNA.200;SPAC4F8.07c;SPACUNK4.19;SPNCRNA.01;SPAC328.03;SPNCRNA.917;SPAC17A2.11;SPNCRNA.954;SPNCRNA.248;SPNCRNA.996;SPAC24H6.13;SPAC4G8.03c;SPAC1A6.04c;SPAC56F8.14c;SPAC110.05;SPAC631.01c;SPAC32A11.02c;SPAC23H3.15c;SPAC4F8.08;SPNCRNA.872;SPNCRNA.72;SPNCRNA.73;SPNCRNA.74;SPNCRNA.873;SPNCRNA.911;SPNCRNA.529;SPAC17A2.10c;SPAPB15E9.01c;SPAC27D7.11c;SPNCRNA.995;SPNCRNA.253;SPAC22F8.03c;SPNCRNA.1054;SPAC26F1.11;SPBC1685.13;SPNCRNA.1389;SPBC32H8.15;SPNCRNA.1541;SPNCRNA.540;SPBC3E7.17;SPNCRNA.1542;SPBC32F12.11;SPNCRNA.1553;SPNCRNA.26;ENSRNA049628543;SPBTRNAGLU.08;SPBC1685.12c;SPBC36.02c;SPNCRNA.1390;SPBC32H8.02c;SPNCRNA.1460;SPNCRNA.1540;SPBC3E7.02c;SPBC32F12.17;SPBC19C7.04c;SPNCRNA.1554;SPNCRNA.1645;SPBC56F2.06;SPCC1235.01;SPCC794.16;SPCC594.01;SPNCRNA.579;SPNCRNA.1136;SPNCRNA.466;SPNCRNA.1218;SPNCRNA.1116;SPCC794.04c;SPNCRNA.1133;SPCC1682.08c;SPCC1672.02c;SPNCRNA.1165;SPCC417.15;SPNCRNA.32;SPCC417.16
Prr1,SPNCRNA.137;SPAC11D3.05;SPAC11D3.06;SPNCRNA.628;SPNCRNA.145;SPNCRNA.684;SPNCRNA.685;SPAC521.03;SPAC23G3.03;SPAC22H12.02;SPNCRNA.724;SPAC10F6.16;SPAC1002.20;SPAC1399.01c;SPAC110.01;SPAC631.02;SPAC4G9.12;SPNCRNA.286;SPAC19A8.07c;SPAC7D4.07c;SPAC7D4.06c;SPACUNK4.19;SPAC17A2.11;SPNCRNA.92;SPNCRNA.93;SPNCRNA.954;SPNCRNA.963;SPNCRNA.12;SPAC9E9.03;SPAC17D4.01;SPNCRNA.1035;SPAPB8E5.03;SPAC11E3.09;SPAP8A3.06;SPAC1039.02;SPNCRNA.1089;SPNCRNA.277;SPNCRNA.282;SPAC869.02c;SPAC11D3.04c;SPNCRNA.626;SPAC4G8.13c;SPNCRNA.692;SPAC23G3.02c;SPAC22H12.01c;SPAC1A6.04c;SPAC10F6.01c;SPNCRNA.728;SPAC1002.13c;SPAC1399.06;SPAC110.05;SPAC631.01c;SPAC1783.07c;SPAC4G9.11c;SPAC7D4.08;SPAC2E1P3.05c;SPAC1071.10c;SPAPB15E9.01c;SPNCRNA.53;SPAC27E2.11c;SPAC19G12.10c;SPAC26H5.09c;SPAC1834.13;SPNCRNA.253;SPAC22F8.03c;SPAPB8E5.02c;SPNCRNA.1054;SPAC26F1.11;SPNCRNA.1088;SPNCRNA.1304;SPBC1683.08;SPNCRNA.298;SPNCRNA.100;SPBC1685.13;SPBPJ4664.02;SPNCRNA.1416;SPBC31A8.02;SPBC3D6.02;SPBC32H8.15;SPNCRNA.1441;SPBC29B5.01;SPBC21B10.04c;SPNCRNA.419;SPNCRNA.1598;SPNCRNA.1599;SPBC4B4.08;SPBC1105.05;SPBC887.16;SPBC887.17;SPBC16D10.06;SPBPB21E7.04c;SPNCRNA.1318;SPBC1685.12c;SPNCRNA.1425;SPBC32H8.02c;SPNCRNA.1447;SPNCRNA.1460;SPBC13A2.04c;SPBC4B4.07c;SPBC1105.19;SPNCRNA.1609;SPNCRNA.1617;SPNCRNA.1622;SPNCRNA.1626;ENSRNA049622790;SPCTRNAHIS.03;SPCC1235.01;SPCC794.16;SPCC594.01;SPNCRNA.466;SPCC1281.08;SPNCRNA.69;SPNCRNA.131;ENSRNA049624069;SPCTRNAHIS.04;SPCC4F11.05;SPNCRNA.511;SPNCRNA.1260;SPCC1494.07;SPCC757.11c;SPNCRNA.1116;SPCC794.04c;SPNCRNA.1133;SPCC1672.02c;SPCC1020.02;SPCC285.09c;SPCC4F11.04c;SPNCRNA.587;SPNCRNA.585;SPNCRNA.1258;SPCC576.03c;SPNCRNA.1259;SPCC576.17c;SPCC1620.06c;SPCC1494.06c
Prt1,SPAC56F8.15;SPAC5D6.10c;SPNCRNA.779;SPAC631.02;SPNCRNA.857;SPACUNK4.19;SPAC17A2.12;SPAC17G6.03;SPNCRNA.1035;SPAPB8E5.03;SPAC1A6.04c;SPAC56F8.14c;SPNCRNA.777;SPAC631.01c;SPAC8F11.10c;SPNCRNA.600;SPAC17G6.02c;SPAPB8E5.02c;SPBPB21E7.08;SPBC1685.13;SPNCRNA.1389;SPNCRNA.1391;SPNCRNA.1443;SPBC3H7.05c;SPNCRNA.1305;SPBC1685.12c;SPBC36.02c;SPNCRNA.1390;SPBC36.03c;SPBC36.13;SPNCRNA.1471;SPBC26H8.11c;SPNCRNA.472;SPNCRNA.1237;SPNCRNA.1238;SPCC18B5.01c;SPCC1020.05;SPCC23B6.04c
Prz1,SPAC18B11.03c;SPNCRNA.684;SPNCRNA.685;SPAC1A6.11;SPAC56F8.15;SPAC57A10.04;SPNCRNA.01;SPNCRNA.954;SPNCRNA.248;SPNCRNA.996;SPAC1952.05;SPAC18B11.04;SPAC4G8.13c;SPAC56F8.14c;SPNCRNA.792;SPAC3C7.14c;SPNCRNA.794;SPAPB2B4.04c;SPNCRNA.872;SPNCRNA.74;SPNCRNA.873;SPAPB15E9.01c;SPNCRNA.53;SPAC27E2.11c;SPAC19G12.10c;SPAC21E11.03c;SPAC27D7.11c;SPNCRNA.995;SPNCRNA.253;SPAC22F8.03c;SPAC1952.04c;SPNCRNA.1054;SPAC26F1.11;SPNCRNA.1541;SPNCRNA.540;SPBC3E7.17;SPNCRNA.1542;SPNCRNA.1572;SPNCRNA.1672;SPNCRNA.1674;SPNCRNA.113;SPBC31E1.02c;SPBC21B10.07;SPNCRNA.1540;SPBC3E7.02c;SPBC1718.07c;SPBC1861.01c;SPCC1235.01;SPCC663.03;SPNCRNA.1116;SPCC825.03c;SPBC460.02c
Reb1,SPNCRNA.608;SPAC1F5.04c;SPAC664.11;SPAC19A8.01c;SPNCRNA.844;SPAC11G7.01;SPAC1782.04;SPAC1B3.14;SPAC11D3.01c;SPAC11D3.02c;SPNCRNA.757;SPAC15F9.01c;SPAC644.06c;SPNCRNA.1016;SPAC22F8.10c;SPNCRNA.1481;SPNCRNA.571;SPBC1815.01;SPBC19G7.06;SPBC1198.11c;SPBC1271.12;SPBC530.06c;SPBC4.03c;SPNCRNA.1459;SPBC1D7.04;SPBC19G7.05c;SPBC17D11.07c;SPBC31F10.15c
Res2,SPAC110.02;SPAP14E8.02;SPAC17H9.20;SPAPB2B4.03;SPAC513.04;SPAC513.05;SPNCRNA.71;SPAC31G5.10;SPAC1F7.04;SPAC1F7.05;SPAC144.14;SPAC1834.04;SPAC17H9.19c;SPAC644.05c;SPAC513.03;SPAC31G5.09c;SPNCRNA.72;SPNCRNA.73;SPAC694.06c;SPAC144.13c;SPAC1834.03c;SPBC660.14;SPBC428.18;SPNCRNA.324;SPBC119.04;SPNCRNA.325;SPBC119.14;SPBC1306.02;SPNCRNA.359;SPNCRNA.1495;SPBC14C8.10;SPNCRNA.1547;SPNCRNA.1548;SPBC1778.04;SPBC25D12.04;SPBC3B9.01;SPNCRNA.1653;SPBC660.12c;SPBC660.13c;SPBC428.17c;SPBC1306.01c;SPBC11B10.10c;SPBC14C8.07c;SPBC336.12c;SPBC1778.03c;SPBC887.14c;SPBC32C12.03c;SPCC553.07c;SPCC594.01;SPCC63.13;SPCC63.14;SPCC550.13;SPCC1442.01;SPCC290.04;ENSRNA049624288;SPCTRNASER.13;SPCPB1C11.02;SPCC70.10;SPNCRNA.1126;SPNCRNA.1133;SPCC1450.16c;SPCC70.08c;SPCC70.09c
Rst2,SPAC1F8.08;SPNCRNA.143;SPNCRNA.627;SPNCRNA.144;SPNCRNA.628;SPNCRNA.145;SPAC56F8.15;SPNCRNA.724;SPAC1399.01c;SPAC110.01;SPNCRNA.779;SPNCRNA.781;SPNCRNA.784;SPAC3H1.11;SPAC631.02;ENSRNA049631187;SPATRNALYS.03;SPNCRNA.831;SPNCRNA.200;SPAC4F8.07c;SPNCRNA.857;SPNCRNA.01;SPAC8E11.12;SPAC8E11.08c;SPNCRNA.917;SPAC17A2.11;SPAC17A2.12;SPNCRNA.92;SPNCRNA.93;SPNCRNA.954;SPAPB15E9.06;SPNCRNA.963;SPAC9E9.01;SPNCRNA.989;SPNCRNA.990;SPAC17D4.01;SPNCRNA.1035;SPAPB8E5.03;SPAC1039.02;SPNCRNA.282;SPAC869.02c;SPAC1F8.07c;SPAC806.11;SPNCRNA.03;SPNCRNA.626;SPAC1A6.04c;SPAC56F8.14c;SPAC10F6.01c;SPAC1399.06;SPAC110.05;SPNCRNA.777;SPNCRNA.782;SPNCRNA.783;SPAC631.01c;SPNCRNA.826;SPAC4F8.08;SPAC8F11.10c;SPAC2E1P3.05c;SPNCRNA.861;SPNCRNA.863;SPNCRNA.872;SPNCRNA.72;SPNCRNA.73;SPNCRNA.74;SPNCRNA.873;SPAC8E11.10;SPNCRNA.903;SPAC3H5.11;SPAC17A2.10c;SPAC1071.10c;SPNCRNA.944;SPAPB15E9.01c;SPAPB15E9.02c;SPNCRNA.53;SPAC27E2.11c;SPAC26H5.09c;SPAC16.05c;SPNCRNA.99;SPAC9E9.09c;SPAC1834.13;SPNCRNA.253;SPAC22F8.03c;SPAPB8E5.02c;SPBPB21E7.08;SPNCRNA.292;SPNCRNA.100;SPBC1685.13;ENSRNA049626982;SPBTRNAGLU.05;SPNCRNA.1389;SPNCRNA.1391;SPNCRNA.1395;SPBC31A8.02;SPBC3D6.02;SPBC32H8.15;SPNCRNA.1441;SPBC29B5.01;SPNCRNA.1443;SPBC3H7.05c;SPNCRNA.399;SPNCRNA.400;SPBC32F12.11;SPNCRNA.419;SPNCRNA.1598;SPNCRNA.1599;SPNCRNA.1605;SPBC1105.05;SPBC16D10.06;SPBP8B7.32;SPNCRNA.1672;SPNCRNA.1674;SPNCRNA.113;SPBC1861.02;SPNCRNA.1305;SPBC359.03c;SPBC1685.12c;SPBC530.11c;SPBC36.02c;SPNCRNA.1390;SPBC36.03c;SPBC36.13;SPBC713.13;SPNCRNA.1425;SPBC32H8.02c;SPNCRNA.1460;SPNCRNA.1471;SPBC32F12.17;SPBC13A2.04c;SPBC1718.07c;SPNCRNA.1604;SPNCRNA.1609;SPNCRNA.1622;SPNCRNA.1626;SPBP8B7.15c;SPNCRNA.1645;SPBC1347.13c;SPBC1861.01c;SPNCRNA.1673;SPCC794.16;SPCC594.01;SPNCRNA.466;SPNCRNA.471;SPNCRNA.472;SPNCRNA.1157;SPNCRNA.1158;SPNCRNA.488;SPCC1281.08;SPNCRNA.69;SPNCRNA.131;SPCC1223.13;SPCC794.04c;SPNCRNA.1133;SPCC1672.02c;SPCC18B5.01c;SPNCRNA.1156;SPNCRNA.1165;SPCC1223.12c;SPCC1827.03c
Rsv2,SPAC631.02;SPAC18G6.10;SPAC4A8.10;SPAPB15E9.06;SPAC1834.01;SPAC1834.02;SPNCRNA.1046;SPAC631.01c;SPAC18G6.09c;SPAC6B12.06c;SPAC6B12.07c;ENSRNA049676666;SPSNRNA.06;SPNCRNA.1017;SPAC1250.01;SPNCRNA.1054;SPAC26F1.11;SPBC1271.04c;SPNCRNA.401;SPNCRNA.1541;SPNCRNA.540;SPBC3E7.17;SPNCRNA.1542;SPBP4H10.10;SPBC2G5.02c;SPNCRNA.1530;SPNCRNA.1540;SPBC3E7.02c;SPBC685.04c;SPNCRNA.1552
Scr1,SPAPB21F2.02;SPNCRNA.47;SPCC1235.13;SPCC191.10;SPCC1235.12c;SPNCRNA.1223;SPCC285.09c
Sep1,SPAC23C11.16;SPNCRNA.857;SPAC8E11.02c;SPAC8E11.01c;SPAC328.03;SPAC17A2.12;SPAC15A10.10;SPNCRNA.954;SPNCRNA.963;SPAC1A6.04c;SPAC8F11.10c;SPNCRNA.904;SPNCRNA.911;SPNCRNA.529;SPAC15A10.09c;SPAPB15E9.01c;SPAC26H5.09c;SPBC32H8.15;SPBC32H8.09;SPBC1105.05;SPNCRNA.435;SPNCRNA.436;SPNCRNA.1657;SPBC32H8.02c;SPBC32H8.08c;SPNCRNA.1436;SPSNORNA.47;SPNCRNA.1609;SPNCRNA.1165;SPCC825.03c
Sfp1,SPNCRNA.954;SPAC1A6.04c;SPAPB15E9.01c;SPNCRNA.1054;SPAC26F1.11;SPBC1271.10c;SPBC32H8.15;SPBC25H2.06c;SPBC32H8.02c;SPBC25H2.07;SPNCRNA.1161;SPCC24B10.08c;SPNCRNA.1165
Hsr1,SPNCRNA.628;SPNCRNA.145;SPNCRNA.679;SPAC56F8.15;SPAC110.01;SPAC631.02;SPNCRNA.200;SPAC4F8.07c;SPACUNK4.19;SPNCRNA.01;SPAC328.03;SPNCRNA.917;SPAC17A2.11;SPAC17A2.12;SPNCRNA.92;SPNCRNA.93;SPAC2F3.08;SPNCRNA.954;SPNCRNA.963;SPNCRNA.248;SPNCRNA.996;SPAC17D4.01;SPAC1039.02;SPNCRNA.626;SPAC4G8.03c;SPAC1A6.04c;SPAC56F8.14c;SPAC110.05;SPAC631.01c;SPAC1327.01c;SPAC4F8.08;SPACUNK4.15;SPNCRNA.872;SPNCRNA.72;SPNCRNA.73;SPNCRNA.74;SPNCRNA.873;SPNCRNA.911;SPNCRNA.529;SPAC17A2.10c;SPAC1071.10c;SPAC2F3.07c;SPAPB15E9.01c;SPAC26H5.09c;SPAC27D7.11c;SPNCRNA.995;SPAC1834.13;SPNCRNA.253;SPAC22F8.03c;SPNCRNA.1054;SPAC26F1.11;SPNCRNA.100;SPBC1685.13;SPNCRNA.1389;SPBC31A8.02;SPBC3D6.02;SPBC32H8.15;SPNCRNA.1441;SPBC29B5.01;SPBC1815.01;SPBC32F12.11;SPNCRNA.1553;SPNCRNA.26;SPBC1685.12c;SPBC36.02c;SPNCRNA.1390;SPNCRNA.1425;SPBC32H8.02c;SPNCRNA.1460;SPBC32F12.17;SPBC19C7.04c;SPNCRNA.1554;SPNCRNA.1645;SPCC1235.01;SPCC794.16;SPCC594.01;SPNCRNA.466;SPNCRNA.1218;SPCC1739.13;SPNCRNA.1116;SPCC794.04c;SPNCRNA.1133;SPCC1672.02c;SPNCRNA.1165;SPCC417.15;SPNCRNA.32;SPCC417.16;SPCC576.17c
Grt1,SPAC1039.02;SPNCRNA.1054;SPAC26F1.11;SPBC1778.09;SPBC25H2.08c;SPBC1778.08c;SPBC25H2.09
Gsf1,SPAC6B12.15;SPSNORNA.11;SPNCRNA.893;SPNCRNA.219;SPAC328.03;SPAC26H5.11;ENSRNA049676787;SPNCRNA.98;SPAC27F1.07;SPAC9E9.04;SPAC9E9.05;SPAC17C9.13c;SPAC17C9.11c;SPAC19B12.04;SPAC26F1.10c;SPAC57A10.08c;SPAC57A10.09c;SPNCRNA.826;SPAC6F6.06c;SPAC6F6.07c;SPACUNK4.15;SPAC3G9.04;SPNCRNA.87;SPAC6G10.10c;SPAC6G10.11c;SPNCRNA.911;SPNCRNA.529;SPNCRNA.53;SPAC27E2.11c;SPAC26H5.10c;SPAC25B8.12c;SPAC27F1.06c;SPAC16.05c;SPNCRNA.988;SPAC17C9.12;SPNCRNA.1034;SPBC660.11;SPBPJ4664.01;SPNCRNA.1481;SPNCRNA.571;SPBC18E5.06;SPNCRNA.110;SPBC4B4.08;SPBC3B9.12;SPBC530.06c;SPBC18E5.05c;SPBC3B9.11c;SPBC3B9.13c;SPNCRNA.453;SPCC330.10;SPCC330.11;SPCC794.08;SPCC1393.08;SPCC1795.04c;SPNCRNA.490;SPCC338.11c;SPCC61.02;SPCC663.04;SPCC663.11;SPCC1739.13;SPNCRNA.1260;SPCC757.07c;SPNCRNA.1123;SPCC1672.03c;SPCC1020.05;SPCC1795.06;SPNCRNA.128;ENSRNA049677236;SPCC338.13;SPCC338.12;SPCC61.01c;SPNCRNA.1214;SPCC285.15c;SPCC18.17c;SPNCRNA.1258;SPCC576.03c;SPNCRNA.1259;SPCC1919.03c
Klf1,SPAC1039.10;SPNCRNA.1087;SPAC1783.06c;SPNCRNA.1477;SPBC1711.08;SPBC16E9.11c;SPCC1393.08
Sre1,SPNCRNA.1138
Stb3,
Ste11,SPAC1D4.13;SPAC1565.05;SPAC513.04;SPAC589.09;SPAC1565.04c;SPAC513.03;SPAC589.07c;SPBC24C6.06;SPNCRNA.1534;SPBC25B2.02c
Thi1,
Thi5,SPAC9.10;SPNCRNA.171;SPAC17A2.01;SPNCRNA.743;ENSRNA049633034;SPATRNAMET.02;SPBC530.08;SPNCRNA.1629;SPNCRNA.427;SPBP8B7.31;SPBC530.07c;SPBC18H10.20c;SPBP8B7.16c;SPBP8B7.17c;SPBP8B7.18c;SPBP8B7.30c;SPNCRNA.111;SPCC18B5.06;SPCC162.02c;SPCC18B5.05c;SPCC162.03;SPCC1450.07c
Toe1,SPAC521.03;SPAC1002.18;SPAC1002.19;SPAC1399.04c;SPAC13G7.10;SPAC13G7.11;SPNCRNA.879;SPNCRNA.560;SPAC589.09;SPAC589.11;SPAC3A11.03;SPAC323.08;SPAC637.08;SPAC637.09;SPNCRNA.999;SPAC637.11;SPAC922.09;SPNCRNA.692;SPAC1002.16c;SPAC1002.17c;SPNCRNA.764;SPAC1399.03;SPAC13G7.09c;SPAC13G7.12c;SPAC24C9.06c;SPAC589.05c;SPAC589.06c;SPAC589.07c;SPAC589.10c;SPAC3A11.04;SPAC323.07c;SPNCRNA.998;SPNCRNA.563;SPAC637.10c;SPBC3D6.05;SPBC3D6.07;SPNCRNA.1461;SPBC11G11.01;SPBC11G11.03;SPBC11G11.04;SPBC11G11.05;SPBP16F5.06;SPBP16F5.07;SPBC1711.12;SPBC1711.13;SPBC1711.14;SPNCRNA.392;SPBC17F3.01c;SPBC31F10.08;SPNCRNA.1637;SPBC31F10.12;SPNCRNA.1638;SPBC31F10.16;SPBC3D6.06c;SPNCRNA.1426;SPBC3D6.08c;SPBC1D7.01;SPSNORNA.23;SPBC11G11.02c;SPBP16F5.05c;SPBC1711.15c;SPNCRNA.1519;SPNCRNA.08;SPNCRNA.09;SPBC31F10.10c;SPBC31F10.11c;SPNCRNA.1694;SPNCRNA.1140;SPCC364.04c;SPCC364.02c;SPNCRNA.1144;SPCC1672.07;ENSRNA049622903;SPCTRNAARG.08;SPNCRNA.467;ENSRNA049677122;SPSNORNA.32;SPCC1672.10;SPCC1795.05c;SPCC1795.04c;SPCC1795.02c;SPCC162.11c;SPCC4G3.03;SPCC4G3.02;SPCC364.07;SPCC364.06;SPCC364.03;SPCC1672.04c;SPCC1672.05c;SPCC1672.06c;SPCC1795.07;SPCC1795.06;SPNCRNA.128;ENSRNA049677236;SPCC1795.03;SPNCRNA.1266;SPCC1620.06c;SPCC1620.07c
Toe2,SPNCRNA.622;SPAC57A7.10c;SPAC688.13;SPNCRNA.917;SPAC17A2.11;SPAC17A2.12;SPNCRNA.92;SPNCRNA.93;SPAC27E2.12;SPAC683.03;SPNCRNA.989;SPNCRNA.990;SPNCRNA.248;SPNCRNA.996;SPNCRNA.1014;SPNCRNA.282;SPAC869.02c;SPNCRNA.96;SPAC24B11.06c;SPAC1A6.04c;SPAC57A7.11;SPACUNK4.15;SPAC688.12c;SPAC17A2.10c;SPAC1071.10c;SPAC27E2.04c;SPAC25B8.19c;SPAC9E9.09c;SPAC27D7.11c;SPNCRNA.995;SPAC144.10c;SPNCRNA.1013;SPNCRNA.253;SPAC22F8.03c;SPAC186.02c;SPAC186.08c;SPNCRNA.1301;SPBPB21E7.09;SPBC1685.17;SPNCRNA.1367;SPBC1685.13;SPNCRNA.1370;SPNCRNA.34;SPNCRNA.1389;SPNCRNA.1391;SPBC31A8.02;SPBC3D6.02;SPBC32H8.15;SPNCRNA.1443;SPBC1289.14;SPBPB8B6.04c;SPNCRNA.1366;SPBC1685.12c;SPBC354.07c;SPBC530.15c;SPBC36.01c;SPBC36.02c;SPNCRNA.1390;SPBC36.03c;SPBC36.13;SPNCRNA.1425;SPBC32H8.02c;SPBC56F2.11;SPNCRNA.1122;SPNCRNA.1157;SPCC1322.11;SPNCRNA.1156
Toe3,SPAC977.15;SPAC1F8.01;SPAC11D3.06;SPAC5H10.04;SPAC630.03;SPAC13C5.04;SPSNORNA.01;SPAC521.03;SPAC22H12.03;SPNCRNA.737;SPAP11E10.01;SPAPB1A10.08;SPNCRNA.775;SPAC3H1.07;SPNCRNA.776;SPAPB24D3.01;SPAPB24D3.03;SPNCRNA.864;SPNCRNA.865;SPAC17G6.03;SPNCRNA.935;SPAC1556.03;SPAC30C2.04;SPNCRNA.603;SPNCRNA.644;SPNCRNA.645;SPNCRNA.692;SPNCRNA.736;SPNCRNA.86;SPNCRNA.767;SPNCRNA.768;SPAC3H1.06c;SPAPB24D3.02c;SPAPB24D3.04c;SPAC2E1P5.01c;SPNCRNA.600;SPAC17G6.02c;SPNCRNA.933;SPAC1556.01c;SPAC1556.02c;SPNCRNA.1007;SPNCRNA.1303;SPNCRNA.289;SPBPB10D8.03;SPNCRNA.292;SPBC1271.07c;SPBP35G2.14;SPBC146.01;SPBC24C6.04;SPBC24C6.05;SPNCRNA.397;SPNCRNA.401;SPBC13E7.07;SPBC13E7.09;SPBC21C3.06;SPNCRNA.1642;SPNCRNA.1643;SPBC3B9.10;SPNCRNA.1656;SPNCRNA.444;SPBPB21E7.11;SPBC359.03c;SPBP26C9.02c;SPNCRNA.1344;SPBC409.07c;SPBC12C2.14c;SPBC2G5.02c;SPNCRNA.1530;SPBC13E7.08c;SPBC21C3.07c;SPBC21C3.08c;SPBC21C3.09c;SPBC3B9.15c;SPNCRNA.577;SPBC8E4.03;SPNCRNA.1694;SPCC1235.07;SPCP1E11.11;SPCC569.08c;SPCC569.09;SPCC569.07
Toe4,SPNCRNA.935;SPNCRNA.933
Zip1,SPNCRNA.168;SPNCRNA.724;SPAC3A12.18;SPAC7D4.07c;SPAC7D4.06c;SPACUNK4.19;SPNCRNA.954;SPAC1782.11;SPAC869.05c;SPAC22A12.17c;SPAC10F6.01c;SPAC57A10.05c;SPAC23H3.09c;SPAC7D4.08;SPAPB15E9.01c;SPAC1782.10c;SPAC29B12.10c;SPBC106.18;ENSRNA049677832;SPRRNA.28;SPBC428.11;SPNCRNA.1448;SPNCRNA.358;SPBC28F2.02;SPNCRNA.1473;SPBC106.17c;SPNCRNA.1355;SPBC27.06c;SPBC27.08c;SPBC3H7.02;SPBC2G5.06c;SPNCRNA.466;SPCC1672.02c;SPNCRNA.1165;SPCC584.01c;SPCC1739.06c;SPCC1827.03c;SPBC460.03
Dal81,
SPAC11D3.11c,SPNCRNA.1138
SPAC11D3.17,SPAC11D3.13;SPNCRNA.609;SPNCRNA.147;SPAC11D3.15;SPNCRNA.611;SPAC5H10.01;ENSRNA049676412;SPRRNA.10;SPAC56F8.13;SPAC56F8.15;SPNCRNA.726;SPNCRNA.82;ENSRNA049676348;SPNCRNA.727;SPSNORNA.10;SPAC10F6.15;SPNCRNA.729;SPAC20H4.09;SPAC18G6.13;SPNCRNA.559;SPNCRNA.858;SPAC8E11.12;SPAC8E11.08c;SPAC1834.02;SPAC1039.10;SPNCRNA.1087;SPAC11D3.14c;SPNCRNA.610;SPAC11D3.18c;SPAC5H10.02c;SPAC10F6.12c;SPAC10F6.13c;SPAC10F6.14c;SPNCRNA.796;SPNCRNA.806;SPAC18G6.14c;SPACUNK4.10;SPNCRNA.861;SPNCRNA.863;SPAC8E11.10;SPNCRNA.903;SPNCRNA.1017;SPNCRNA.1054;SPAC26F1.11;SPBC947.06c;SPNCRNA.329;SPNCRNA.397;SPBC947.07;SPBC530.15c;SPBC12C2.14c;ENSRNA049622863;SPCTRNAGLU.09;SPNCRNA.1195;SPCC320.14;SPCC622.12c
SPAC1327.01c,SPAPB1A10.14;SPNCRNA.92;SPNCRNA.93;SPNCRNA.954;ENSRNA049676787;SPNCRNA.98;SPNCRNA.1035;SPAPB8E5.03;SPAC1071.10c;SPAPB15E9.01c;SPAPB8E5.02c;SPNCRNA.1054;SPAC26F1.11;SPBC1685.13;ENSRNA049626982;SPBTRNAGLU.05;SPBC409.08;SPNCRNA.1416;SPBC1685.12c;SPBC530.11c;SPNCRNA.1415;SPBP8B7.15c;SPNCRNA.1165
SPAC1F7.11c,
SPAC25B8.11,
SPAC2H10.01,SPNCRNA.01;SPNCRNA.954;SPNCRNA.248;SPNCRNA.996;SPNCRNA.1035;SPAPB8E5.03;SPNCRNA.872;SPNCRNA.74;SPNCRNA.873;SPAPB15E9.01c;SPAC27D7.11c;SPNCRNA.995;SPAPB8E5.02c;SPNCRNA.1054;SPAC26F1.11;SPBC1685.13;SPBC1685.12c
SPAC3C7.04,SPNCRNA.96;SPAC186.02c
SPAC3F10.12c,SPAC24B11.14;SPNCRNA.552;SPNCRNA.660;SPAC9G1.02;SPAPB1E7.09;SPAPB1E7.10;SPNCRNA.624;SPAC2F7.05c;SPAC9G1.14;SPNCRNA.901;ENSRNA049676244;SPSNORNA.43;SPAPB1E7.11c;SPAC926.09c;SPNCRNA.66;SPBC21B10.08c;SPNCRNA.1648;SPBC1861.03;SPBC354.02c;SPBC2G5.06c;SPBC1604.05;SPCC16A11.08;SPCC16A11.11;SPNCRNA.500;SPCC1450.02;SPCC1450.03;SPCC1450.04;SPCC16A11.09c;SPCC16A11.10c
SPAC3H8.08c,SPAC212.07c;SPAC212.12;SPAC977.15;SPAC5H10.04;SPAC1D4.12;SPAC22G7.08;SPAPB1A10.08;SPAC25H1.05;SPAPB1A11.02;SPAPB1A11.03;SPAC17G6.03;SPAC19G12.14;SPAC1F7.04;SPNCRNA.96;SPNCRNA.672;SPNCRNA.79;SPAC22G7.07c;SPACUNK12.02c;SPNCRNA.767;SPNCRNA.768;SPNCRNA.833;SPNCRNA.868;SPNCRNA.869;SPNCRNA.600;SPAC17G6.02c;SPAC9E9.10c;SPAC186.02c;SPBC1348.12;SPBC359.05;SPNCRNA.294;SPBC530.05;SPBC3H7.05c;SPBC1703.10;SPBC1703.11;SPNCRNA.446;SPBP4G3.03;SPBPB8B6.04c;SPNCRNA.1312;SPBC409.07c;SPNCRNA.1471;SPNCRNA.1539;SPBPB2B2.07c;SPCC330.11;SPNCRNA.472;SPNCRNA.1202;SPCC663.03;SPCC18B5.01c;SPCC23B6.04c;SPCC584.16c
Ntu1,SPAC56F8.15;SPAC1002.18;SPNCRNA.954;SPAC1002.16c;SPAC1002.17c;SPAPB15E9.01c;SPAPB15E9.02c;SPBC1685.13;SPBC1685.12c;SPNCRNA.1263;SPCC576.17c
SPBC16G5.17,SPAC212.07c;SPAC977.15;SPAC13C5.04;SPSNORNA.01;SPAPB1A10.08;SPNCRNA.865;SPAC17G6.03;SPAC19G12.14;SPNCRNA.978;SPNCRNA.96;SPAC186.03;SPAC186.06;SPNCRNA.310;SPAC186.09;SPAC750.01;SPAC11D3.16c;SPNCRNA.644;SPNCRNA.645;SPACUNK12.02c;SPNCRNA.767;SPNCRNA.768;SPNCRNA.868;SPNCRNA.600;SPAC17G6.02c;SPAC27F1.05c;SPAC27F1.10;SPAC9E9.10c;SPAC186.02c;SPAC186.05c;SPAC186.08c;SPBC1348.11;SPBC1348.12;SPBPB8B6.03;SPNCRNA.1301;SPNCRNA.1303;SPNCRNA.289;SPNCRNA.1304;SPBC1683.08;SPNCRNA.298;SPBC530.05;SPBC1703.10;SPBC1703.11;SPBC13E7.07;SPBC13E7.09;SPBC609.03;SPNCRNA.446;SPBP4G3.03;SPBPB2B2.08;SPBPB2B2.13;SPBC1348.14c;SPBPB8B6.02c;SPBPB8B6.04c;SPBPB21E7.11;SPBPB21E7.04c;SPNCRNA.1318;SPBC13E7.08c;SPNCRNA.1584;SPBPB2B2.06c;SPBPB2B2.07c;SPBPB2B2.09c;SPBPB2B2.12c;SPNCRNA.1697;SPCC330.11;SPNCRNA.1202;SPCC162.11c;SPCC663.03;SPCC417.04;SPNCRNA.1216;SPCC584.16c;SPNCRNA.1215
SPBC1773.12,SPBC1773.15
SPBC1773.16c,SPBC1773.12;SPBC1773.13;SPBC1773.14;SPBC1773.15
Ntu2,SPAC56F8.15;SPNCRNA.954;SPAC1002.16c;SPAPB15E9.01c;SPAPB15E9.02c;SPBC1685.13;SPBC1685.12c;SPNCRNA.1263;SPCC576.17c
SPBC530.11c,
SPBC56F2.05c,SPAC5H10.07;SPAPB1A10.14;SPNCRNA.226;SPAC5H10.06c;SPAC24H6.06;SPAC1327.01c;SPACUNK4.15;SPAPB24D3.10c;SPAC26H5.07c;SPBC428.18;SPNCRNA.1601;SPBC1105.05;SPNCRNA.439;SPBC1683.09c;SPBC428.17c;SPBC530.06c;SPBC19C2.04c;SPBC2G2.17c;SPNCRNA.1609;SPBC16G5.15c;SPCC1235.13;SPCC1020.06c;SPCC24B10.21;SPCC24B10.22;SPCC1235.12c;SPCC1183.12;SPNCRNA.1159;SPCC576.17c
SPCC18.03,
SPCC320.03,SPAC1F8.08;SPAC56F8.15;SPAPB1A10.14;SPNCRNA.200;SPAC4F8.07c;SPNCRNA.92;SPNCRNA.93;SPNCRNA.954;SPAC1F8.07c;SPAC4F8.08;SPAC1071.10c;SPAPB15E9.01c;SPAC25B8.12c;SPBC19C2.07;SPBC19C2.08;SPBC1815.01;SPBC32F12.11;SPBC19C2.06c;SPNCRNA.1460;SPBC32F12.17;SPBC14F5.04c;SPCC24B10.21;SPCC24B10.22
SPCC417.09c,SPCC417.12;SPCC417.11c
SPCC757.04,
SPCC777.02,SPCC777.02;SPCC777.04;SPCC13B11.04c;SPCC777.03c
SPCC965.10,SPAC212.07c;SPNCRNA.359
